iso3,country,alpha,gross_pct_gdp,net_pct_gdp,incremental_R5,incremental_R10,tax_headroom_to_DK_pp,gini_used,k_net
DNK,Denmark,0.1,10.0,2.1399999251595507,-2.8600000748404493,-7.86000007484045,0.0,0.299,0.21399999251595506
DNK,Denmark,0.2,20.0,4.2799998503191015,-0.7200001496808985,-5.7200001496808985,0.0,0.299,0.21399999251595506
DNK,Denmark,0.3,30.0,6.419999775478652,1.4199997754786517,-3.5800002245213483,0.0,0.299,0.21399999251595506
SWE,Sweden,0.1,10.0,2.096014485709637,-2.903985514290363,-7.903985514290363,2.299999999999997,0.293,0.20960144857096374
SWE,Sweden,0.2,20.0,4.192028971419274,-0.8079710285807256,-5.807971028580726,2.299999999999997,0.293,0.20960144857096374
SWE,Sweden,0.3,30.0,6.2880434571289126,1.2880434571289126,-3.7119565428710874,2.299999999999997,0.293,0.20960144857096374
NOR,Norway,0.1,10.0,1.8916030339119763,-3.1083969660880237,-8.108396966088023,-0.29999999999999716,0.265,0.18916030339119763
NOR,Norway,0.2,20.0,3.7832060678239525,-1.2167939321760475,-6.2167939321760475,-0.29999999999999716,0.265,0.18916030339119763
NOR,Norway,0.3,30.0,5.674809101735929,0.6748091017359288,-4.325190898264071,-0.29999999999999716,0.265,0.18916030339119763
ISL,Iceland,0.1,10.0,1.9134400108995797,-3.0865599891004205,-8.08655998910042,5.399999999999999,0.268,0.19134400108995797
ISL,Iceland,0.2,20.0,3.8268800217991594,-1.1731199782008406,-6.173119978200841,5.399999999999999,0.268,0.19134400108995797
ISL,Iceland,0.3,30.0,5.740320032698739,0.7403200326987394,-4.259679967301261,5.399999999999999,0.268,0.19134400108995797
EST,Estonia,0.1,10.0,2.1987539073553144,-2.8012460926446856,-7.801246092644686,11.0,0.307,0.21987539073553145
EST,Estonia,0.2,20.0,4.397507814710629,-0.6024921852893712,-5.602492185289371,11.0,0.307,0.21987539073553145
EST,Estonia,0.3,30.0,6.596261722065943,1.5962617220659432,-3.403738277934057,11.0,0.307,0.21987539073553145
NLD,Netherlands,0.1,10.0,1.8334424628359502,-3.1665575371640498,-8.16655753716405,6.0,0.257,0.18334424628359502
NLD,Netherlands,0.2,20.0,3.6668849256719005,-1.3331150743280995,-6.3331150743280995,6.0,0.257,0.18334424628359502
NLD,Netherlands,0.3,30.0,5.50032738850785,0.5003273885078503,-4.49967261149215,6.0,0.257,0.18334424628359502
CHE,Switzerland,0.1,10.0,2.427653677722725,-2.572346322277275,-7.572346322277275,17.5,0.33799999999999997,0.24276536777227248
CHE,Switzerland,0.2,20.0,4.85530735544545,-0.14469264455455022,-5.14469264455455,17.5,0.33799999999999997,0.24276536777227248
CHE,Switzerland,0.3,30.0,7.282961033168174,2.2829610331681742,-2.7170389668318258,17.5,0.33799999999999997,0.24276536777227248
FIN,Finland,0.1,10.0,1.9571589103267817,-3.0428410896732183,-8.042841089673217,3.6000000000000014,0.27399999999999997,0.19571589103267817
FIN,Finland,0.2,20.0,3.9143178206535634,-1.0856821793464366,-6.085682179346437,3.6000000000000014,0.27399999999999997,0.19571589103267817
FIN,Finland,0.3,30.0,5.871476730980345,0.8714767309803451,-4.128523269019655,3.6000000000000014,0.27399999999999997,0.19571589103267817
DEU,Germany,0.1,10.0,2.4202377002297344,-2.5797622997702656,-7.579762299770266,5.700000000000003,0.337,0.24202377002297346
DEU,Germany,0.2,20.0,4.840475400459469,-0.15952459954053122,-5.159524599540531,5.700000000000003,0.337,0.24202377002297346
DEU,Germany,0.3,30.0,7.260713100689204,2.2607131006892036,-2.7392868993107964,5.700000000000003,0.337,0.24202377002297346
FRA,France,0.1,10.0,2.279746997098888,-2.720253002901112,-7.720253002901112,0.10000000000000142,0.318,0.22797469970988882
FRA,France,0.2,20.0,4.559493994197776,-0.44050600580222365,-5.440506005802224,0.10000000000000142,0.318,0.22797469970988882
FRA,France,0.3,30.0,6.8392409912966645,1.8392409912966645,-3.1607590087033355,0.10000000000000142,0.318,0.22797469970988882
GBR,United Kingdom,0.1,10.0,2.3240293460490804,-2.6759706539509196,-7.67597065395092,8.700000000000003,0.324,0.23240293460490805
GBR,United Kingdom,0.2,20.0,4.648058692098161,-0.3519413079018392,-5.351941307901839,8.700000000000003,0.324,0.23240293460490805
GBR,United Kingdom,0.3,30.0,6.972088038147241,1.9720880381472412,-3.027911961852759,8.700000000000003,0.324,0.23240293460490805
USA,United States,0.1,10.0,3.0289992348181425,-1.9710007651818575,-6.9710007651818575,16.3,0.418,0.30289992348181427
USA,United States,0.2,20.0,6.057998469636285,1.057998469636285,-3.942001530363715,16.3,0.418,0.30289992348181427
USA,United States,0.3,30.0,9.086997704454427,4.0869977044544274,-0.9130022955455726,16.3,0.418,0.30289992348181427
CAN,Canada,0.1,10.0,2.2576337385034293,-2.7423662614965707,-7.742366261496571,10.799999999999997,0.315,0.22576337385034295
CAN,Canada,0.2,20.0,4.515267477006859,-0.4847325229931414,-5.484732522993141,10.799999999999997,0.315,0.22576337385034295
CAN,Canada,0.3,30.0,6.772901215510289,1.7729012155102888,-3.227098784489711,10.799999999999997,0.315,0.22576337385034295
AUS,Australia,0.1,10.0,2.427653677722725,-2.572346322277275,-7.572346322277275,14.399999999999999,0.33799999999999997,0.24276536777227248
AUS,Australia,0.2,20.0,4.85530735544545,-0.14469264455455022,-5.14469264455455,14.399999999999999,0.33799999999999997,0.24276536777227248
AUS,Australia,0.3,30.0,7.282961033168174,2.2829610331681742,-2.7170389668318258,14.399999999999999,0.33799999999999997,0.24276536777227248
JPN,Japan,0.1,10.0,2.3166437274645597,-2.6833562725354403,-7.68335627253544,10.0,0.32299999999999995,0.231664372746456
JPN,Japan,0.2,20.0,4.633287454929119,-0.3667125450708806,-5.366712545070881,10.0,0.32299999999999995,0.231664372746456
JPN,Japan,0.3,30.0,6.94993118239368,1.94993118239368,-3.05006881760632,10.0,0.32299999999999995,0.231664372746456
KOR,"Korea, Rep.",0.1,10.0,2.360989280401994,-2.639010719598006,-7.639010719598006,13.5,0.32899999999999996,0.2360989280401994
KOR,"Korea, Rep.",0.2,20.0,4.721978560803988,-0.27802143919601185,-5.278021439196012,13.5,0.32899999999999996,0.2360989280401994
KOR,"Korea, Rep.",0.3,30.0,7.082967841205982,2.082967841205982,-2.917032158794018,13.5,0.32899999999999996,0.2360989280401994
SGP,Singapore,0.1,10.0,2.0740468743934475,-2.9259531256065525,-7.9259531256065525,,0.29,0.20740468743934476
SGP,Singapore,0.2,20.0,4.148093748786895,-0.851906251213105,-5.851906251213105,,0.29,0.20740468743934476
SGP,Singapore,0.3,30.0,6.2221406231803424,1.2221406231803424,-3.7778593768196576,,0.29,0.20740468743934476
ARE,United Arab Emirates,0.1,10.0,1.884327320491575,-3.115672679508425,-8.115672679508425,,0.264,0.1884327320491575
ARE,United Arab Emirates,0.2,20.0,3.76865464098315,-1.2313453590168502,-6.23134535901685,,0.264,0.1884327320491575
ARE,United Arab Emirates,0.3,30.0,5.652981961474725,0.6529819614747252,-4.347018038525275,,0.264,0.1884327320491575
ESP,Spain,0.1,10.0,2.398003090926241,-2.601996909073759,-7.601996909073759,6.5,0.33399999999999996,0.2398003090926241
ESP,Spain,0.2,20.0,4.796006181852482,-0.20399381814751827,-5.203993818147518,6.5,0.33399999999999996,0.2398003090926241
ESP,Spain,0.3,30.0,7.194009272778723,2.1940092727787226,-2.8059907272212774,6.5,0.33399999999999996,0.2398003090926241
ITA,Italy,0.1,10.0,2.464767281446925,-2.535232718553075,-7.535232718553075,1.1000000000000014,0.34299999999999997,0.24647672814469251
ITA,Italy,0.2,20.0,4.92953456289385,-0.07046543710614994,-5.07046543710615,1.1000000000000014,0.34299999999999997,0.24647672814469251
ITA,Italy,0.3,30.0,7.3943018443407755,2.3943018443407755,-2.6056981556592245,1.1000000000000014,0.34299999999999997,0.24647672814469251
AUT,Austria,0.1,10.0,2.235538782400144,-2.764461217599856,-7.764461217599856,0.8999999999999986,0.312,0.22355387824001438
AUT,Austria,0.2,20.0,4.471077564800288,-0.5289224351997124,-5.528922435199712,0.8999999999999986,0.312,0.22355387824001438
AUT,Austria,0.3,30.0,6.706616347200431,1.7066163472004314,-3.2933836527995686,0.8999999999999986,0.312,0.22355387824001438
PRT,Portugal,0.1,10.0,2.4350718908238425,-2.5649281091761575,-7.564928109176158,7.200000000000003,0.33899999999999997,0.24350718908238425
PRT,Portugal,0.2,20.0,4.870143781647685,-0.1298562183523151,-5.129856218352315,7.200000000000003,0.33899999999999997,0.24350718908238425
PRT,Portugal,0.3,30.0,7.305215672471528,2.305215672471528,-2.694784327528472,7.200000000000003,0.33899999999999997,0.24350718908238425
POL,Poland,0.1,10.0,2.03747063928819,-2.96252936071181,-7.962529360711811,8.799999999999997,0.285,0.20374706392881897
POL,Poland,0.2,20.0,4.07494127857638,-0.9250587214236203,-5.92505872142362,8.799999999999997,0.285,0.20374706392881897
POL,Poland,0.3,30.0,6.112411917864569,1.112411917864569,-3.887588082135431,8.799999999999997,0.285,0.20374706392881897
LUX,Luxembourg,0.1,10.0,2.4128239492844257,-2.5871760507155743,-7.587176050715574,5.0,0.336,0.24128239492844258
LUX,Luxembourg,0.2,20.0,4.825647898568851,-0.17435210143114865,-5.174352101431149,5.0,0.336,0.24128239492844258
LUX,Luxembourg,0.3,30.0,7.238471847853278,2.238471847853278,-2.761528152146722,5.0,0.336,0.24128239492844258
NZL,New Zealand,0.1,10.0,2.0740468743934475,-2.9259531256065525,-7.9259531256065525,11.200000000000003,0.29,0.20740468743934476
NZL,New Zealand,0.2,20.0,4.148093748786895,-0.851906251213105,-5.851906251213105,11.200000000000003,0.29,0.20740468743934476
NZL,New Zealand,0.3,30.0,6.2221406231803424,1.2221406231803424,-3.7778593768196576,11.200000000000003,0.29,0.20740468743934476
ISR,Israel,0.1,10.0,2.7638290259320097,-2.2361709740679903,-7.23617097406799,11.600000000000001,0.38299999999999995,0.276382902593201
ISR,Israel,0.2,20.0,5.5276580518640195,0.5276580518640195,-4.4723419481359805,11.600000000000001,0.38299999999999995,0.276382902593201
ISR,Israel,0.3,30.0,8.29148707779603,3.2914870777960292,-1.7085129222039708,11.600000000000001,0.38299999999999995,0.276382902593201
