entity,code,year,_10_4_1__sl_emp_gtotl
Africa (UN),UN_AFR,2004,43.6
Africa (UN),UN_AFR,2005,42.6
Africa (UN),UN_AFR,2006,42.4
Africa (UN),UN_AFR,2007,42.4
Africa (UN),UN_AFR,2008,41.9
Africa (UN),UN_AFR,2009,43.6
Africa (UN),UN_AFR,2010,43.4
Africa (UN),UN_AFR,2011,45.1
Africa (UN),UN_AFR,2012,45
Africa (UN),UN_AFR,2013,46.3
Africa (UN),UN_AFR,2014,47.2
Africa (UN),UN_AFR,2015,47.4
Africa (UN),UN_AFR,2016,46.9
Africa (UN),UN_AFR,2017,47.4
Africa (UN),UN_AFR,2018,47.1
Africa (UN),UN_AFR,2019,47.7
Africa (UN),UN_AFR,2020,48.1
Africa (UN),UN_AFR,2021,47.2
Africa (UN),UN_AFR,2022,46.4
Africa (UN),UN_AFR,2023,46.6
Africa (UN),UN_AFR,2024,46.7
Africa (UN),UN_AFR,2025,46.5
Albania,ALB,2004,44.5
Albania,ALB,2005,44.2
Albania,ALB,2006,44.3
Albania,ALB,2007,44.4
Albania,ALB,2008,44.3
Albania,ALB,2009,45.4
Albania,ALB,2010,45.5
Albania,ALB,2011,45.4
Albania,ALB,2012,45.1
Albania,ALB,2013,45.1
Albania,ALB,2014,44.9
Albania,ALB,2015,44.8
Albania,ALB,2016,44.5
Albania,ALB,2017,44.4
Albania,ALB,2018,44.3
Albania,ALB,2019,44.7
Albania,ALB,2020,46
Albania,ALB,2021,44.3
Albania,ALB,2022,44
Albania,ALB,2023,44.1
Albania,ALB,2024,44.1
Albania,ALB,2025,44.2
Argentina,ARG,2004,38.7
Argentina,ARG,2005,40.6
Argentina,ARG,2006,41.5
Argentina,ARG,2007,42.4
Argentina,ARG,2008,45.9
Argentina,ARG,2009,50.2
Argentina,ARG,2010,49.3
Argentina,ARG,2011,53.2
Argentina,ARG,2012,58.1
Argentina,ARG,2013,59.3
Argentina,ARG,2014,60.2
Argentina,ARG,2015,59.1
Argentina,ARG,2016,60.6
Argentina,ARG,2017,58.3
Argentina,ARG,2018,56.1
Argentina,ARG,2019,53.6
Argentina,ARG,2020,52.2
Argentina,ARG,2021,49.6
Argentina,ARG,2022,50.1
Argentina,ARG,2023,51.7
Argentina,ARG,2024,51.8
Argentina,ARG,2025,51
Armenia,ARM,2004,59.6
Armenia,ARM,2005,59.2
Armenia,ARM,2006,58.5
Armenia,ARM,2007,57.4
Armenia,ARM,2008,56.1
Armenia,ARM,2009,57.5
Armenia,ARM,2010,55.9
Armenia,ARM,2011,55.2
Armenia,ARM,2012,53.9
Armenia,ARM,2013,53.2
Armenia,ARM,2014,52.9
Armenia,ARM,2015,53.3
Armenia,ARM,2016,54
Armenia,ARM,2017,53.1
Armenia,ARM,2018,52
Armenia,ARM,2019,52.2
Armenia,ARM,2020,55.2
Armenia,ARM,2021,53.5
Armenia,ARM,2022,49.6
Armenia,ARM,2023,49.9
Armenia,ARM,2024,50.1
Armenia,ARM,2025,50.3
Asia (UN),UN_ASI,2004,49.7
Asia (UN),UN_ASI,2005,49.2
Asia (UN),UN_ASI,2006,48.7
Asia (UN),UN_ASI,2007,48.5
Asia (UN),UN_ASI,2008,49.7
Asia (UN),UN_ASI,2009,50.8
Asia (UN),UN_ASI,2010,49.8
Asia (UN),UN_ASI,2011,49.5
Asia (UN),UN_ASI,2012,49.7
Asia (UN),UN_ASI,2013,49.7
Asia (UN),UN_ASI,2014,50
Asia (UN),UN_ASI,2015,50.1
Asia (UN),UN_ASI,2016,50.3
Asia (UN),UN_ASI,2017,50.3
Asia (UN),UN_ASI,2018,50.5
Asia (UN),UN_ASI,2019,50.9
Asia (UN),UN_ASI,2020,51.7
Asia (UN),UN_ASI,2021,51
Asia (UN),UN_ASI,2022,50.7
Asia (UN),UN_ASI,2023,50.7
Asia (UN),UN_ASI,2024,50.8
Asia (UN),UN_ASI,2025,51
Australia,AUS,2004,59.6
Australia,AUS,2005,58.8
Australia,AUS,2006,58.5
Australia,AUS,2007,57.6
Australia,AUS,2008,55.3
Australia,AUS,2009,55.8
Australia,AUS,2010,55.9
Australia,AUS,2011,57.1
Australia,AUS,2012,56.4
Australia,AUS,2013,56.1
Australia,AUS,2014,57.1
Australia,AUS,2015,57.4
Australia,AUS,2016,55.9
Australia,AUS,2017,55.9
Australia,AUS,2018,55
Australia,AUS,2019,56.8
Australia,AUS,2020,55.6
Australia,AUS,2021,53.3
Australia,AUS,2022,53.3
Australia,AUS,2023,55
Australia,AUS,2024,54.7
Australia,AUS,2025,54.4
Australia and New Zealand (UN SDG),UNSDG_ANZ,2004,58.6
Australia and New Zealand (UN SDG),UNSDG_ANZ,2005,58
Australia and New Zealand (UN SDG),UNSDG_ANZ,2006,57.8
Australia and New Zealand (UN SDG),UNSDG_ANZ,2007,57
Australia and New Zealand (UN SDG),UNSDG_ANZ,2008,55.3
Australia and New Zealand (UN SDG),UNSDG_ANZ,2009,55.6
Australia and New Zealand (UN SDG),UNSDG_ANZ,2010,55.6
Australia and New Zealand (UN SDG),UNSDG_ANZ,2011,56.6
Australia and New Zealand (UN SDG),UNSDG_ANZ,2012,56
Australia and New Zealand (UN SDG),UNSDG_ANZ,2013,55.6
Australia and New Zealand (UN SDG),UNSDG_ANZ,2014,56.5
Australia and New Zealand (UN SDG),UNSDG_ANZ,2015,56.7
Australia and New Zealand (UN SDG),UNSDG_ANZ,2016,55.4
Australia and New Zealand (UN SDG),UNSDG_ANZ,2017,55.3
Australia and New Zealand (UN SDG),UNSDG_ANZ,2018,54.5
Australia and New Zealand (UN SDG),UNSDG_ANZ,2019,56.1
Australia and New Zealand (UN SDG),UNSDG_ANZ,2020,55.3
Australia and New Zealand (UN SDG),UNSDG_ANZ,2021,53.3
Australia and New Zealand (UN SDG),UNSDG_ANZ,2022,53.2
Australia and New Zealand (UN SDG),UNSDG_ANZ,2023,54.8
Australia and New Zealand (UN SDG),UNSDG_ANZ,2024,54.7
Australia and New Zealand (UN SDG),UNSDG_ANZ,2025,54.4
Austria,AUT,2004,63.6
Austria,AUT,2005,63.2
Austria,AUT,2006,61.7
Austria,AUT,2007,61.6
Austria,AUT,2008,62.8
Austria,AUT,2009,63.1
Austria,AUT,2010,61.7
Austria,AUT,2011,60.2
Austria,AUT,2012,60.7
Austria,AUT,2013,60.7
Austria,AUT,2014,64.5
Austria,AUT,2015,62.3
Austria,AUT,2016,64.6
Austria,AUT,2017,63.6
Austria,AUT,2018,61.6
Austria,AUT,2019,60.5
Austria,AUT,2020,61.3
Austria,AUT,2021,61.9
Austria,AUT,2022,63.2
Austria,AUT,2023,61.4
Austria,AUT,2024,64.8
Austria,AUT,2025,64.6
Belgium,BEL,2004,64.1
Belgium,BEL,2005,64.1
Belgium,BEL,2006,64
Belgium,BEL,2007,64.5
Belgium,BEL,2008,64.9
Belgium,BEL,2009,65.8
Belgium,BEL,2010,64.8
Belgium,BEL,2011,65.5
Belgium,BEL,2012,66
Belgium,BEL,2013,66.5
Belgium,BEL,2014,64.5
Belgium,BEL,2015,63.7
Belgium,BEL,2016,62.3
Belgium,BEL,2017,61.6
Belgium,BEL,2018,62.1
Belgium,BEL,2019,62.4
Belgium,BEL,2020,63.6
Belgium,BEL,2021,61.2
Belgium,BEL,2022,63.9
Belgium,BEL,2023,64
Belgium,BEL,2024,64
Belgium,BEL,2025,64.1
Benin,BEN,2004,47.5
Benin,BEN,2005,47
Benin,BEN,2006,46.4
Benin,BEN,2007,45.7
Benin,BEN,2008,46.1
Benin,BEN,2009,46.8
Benin,BEN,2010,46.9
Benin,BEN,2011,46.6
Benin,BEN,2012,46.3
Benin,BEN,2013,45.8
Benin,BEN,2014,46.4
Benin,BEN,2015,48
Benin,BEN,2016,47.8
Benin,BEN,2017,47.4
Benin,BEN,2018,47.3
Benin,BEN,2019,46.1
Benin,BEN,2020,45.7
Benin,BEN,2021,46.8
Benin,BEN,2022,45.8
Benin,BEN,2023,45.8
Benin,BEN,2024,45.7
Benin,BEN,2025,45.7
Bhutan,BTN,2004,50.5
Bhutan,BTN,2005,50.2
Bhutan,BTN,2006,50.4
Bhutan,BTN,2007,48.9
Bhutan,BTN,2008,50.5
Bhutan,BTN,2009,50
Bhutan,BTN,2010,49.4
Bhutan,BTN,2011,49.8
Bhutan,BTN,2012,50.3
Bhutan,BTN,2013,50.7
Bhutan,BTN,2014,50.1
Bhutan,BTN,2015,50
Bhutan,BTN,2016,49.7
Bhutan,BTN,2017,50.6
Bhutan,BTN,2018,50.4
Bhutan,BTN,2019,48.5
Bhutan,BTN,2020,49.4
Bhutan,BTN,2021,49.1
Bhutan,BTN,2022,47.8
Bhutan,BTN,2023,47.8
Bhutan,BTN,2024,47.9
Bhutan,BTN,2025,47.5
Bolivia,BOL,2004,58.8
Bolivia,BOL,2005,56.8
Bolivia,BOL,2006,49.8
Bolivia,BOL,2007,47.5
Bolivia,BOL,2008,44.3
Bolivia,BOL,2009,46.8
Bolivia,BOL,2010,45.1
Bolivia,BOL,2011,45
Bolivia,BOL,2012,43.4
Bolivia,BOL,2013,44.8
Bolivia,BOL,2014,50
Bolivia,BOL,2015,52.7
Bolivia,BOL,2016,53.8
Bolivia,BOL,2017,53.7
Bolivia,BOL,2018,54
Bolivia,BOL,2019,54.4
Bolivia,BOL,2020,55
Bolivia,BOL,2021,54.9
Bolivia,BOL,2022,54.2
Bolivia,BOL,2023,54
Bolivia,BOL,2024,54.4
Bolivia,BOL,2025,54.4
Bosnia and Herzegovina,BIH,2004,50.9
Bosnia and Herzegovina,BIH,2005,51.6
Bosnia and Herzegovina,BIH,2006,51.1
Bosnia and Herzegovina,BIH,2007,52
Bosnia and Herzegovina,BIH,2008,54.8
Bosnia and Herzegovina,BIH,2009,56.7
Bosnia and Herzegovina,BIH,2010,55.9
Bosnia and Herzegovina,BIH,2011,55.9
Bosnia and Herzegovina,BIH,2012,57.7
Bosnia and Herzegovina,BIH,2013,56.4
Bosnia and Herzegovina,BIH,2014,55.4
Bosnia and Herzegovina,BIH,2015,55.1
Bosnia and Herzegovina,BIH,2016,53.6
Bosnia and Herzegovina,BIH,2017,53.1
Bosnia and Herzegovina,BIH,2018,51.5
Bosnia and Herzegovina,BIH,2019,52.8
Bosnia and Herzegovina,BIH,2020,54.4
Bosnia and Herzegovina,BIH,2021,53.1
Bosnia and Herzegovina,BIH,2022,54.6
Bosnia and Herzegovina,BIH,2023,54.5
Bosnia and Herzegovina,BIH,2024,54.4
Bosnia and Herzegovina,BIH,2025,54.4
Botswana,BWA,2004,33
Botswana,BWA,2005,29.6
Botswana,BWA,2006,28.3
Botswana,BWA,2007,27.3
Botswana,BWA,2008,27.8
Botswana,BWA,2009,31.2
Botswana,BWA,2010,37.6
Botswana,BWA,2011,36.4
Botswana,BWA,2012,41.6
Botswana,BWA,2013,40.7
Botswana,BWA,2014,37.8
Botswana,BWA,2015,41
Botswana,BWA,2016,36.7
Botswana,BWA,2017,38.2
Botswana,BWA,2018,39.2
Botswana,BWA,2019,41.6
Botswana,BWA,2020,46.1
Botswana,BWA,2021,41.5
Botswana,BWA,2022,37.5
Botswana,BWA,2023,37.8
Botswana,BWA,2024,38.4
Botswana,BWA,2025,38.2
Brazil,BRA,2004,56.1
Brazil,BRA,2005,56.9
Brazil,BRA,2006,58.2
Brazil,BRA,2007,56.8
Brazil,BRA,2008,57.5
Brazil,BRA,2009,59.3
Brazil,BRA,2010,57.9
Brazil,BRA,2011,58.3
Brazil,BRA,2012,57.8
Brazil,BRA,2013,59
Brazil,BRA,2014,59.6
Brazil,BRA,2015,61.4
Brazil,BRA,2016,61.3
Brazil,BRA,2017,61.2
Brazil,BRA,2018,60.5
Brazil,BRA,2019,60.5
Brazil,BRA,2020,58.3
Brazil,BRA,2021,58.2
Brazil,BRA,2022,59.7
Brazil,BRA,2023,59.7
Brazil,BRA,2024,59.7
Brazil,BRA,2025,60
Brunei,BRN,2004,27.3
Brunei,BRN,2005,27.3
Brunei,BRN,2006,25.9
Brunei,BRN,2007,28.6
Brunei,BRN,2008,28.7
Brunei,BRN,2009,28
Brunei,BRN,2010,26.5
Brunei,BRN,2011,21.3
Brunei,BRN,2012,22.1
Brunei,BRN,2013,23.5
Brunei,BRN,2014,25.6
Brunei,BRN,2015,30.6
Brunei,BRN,2016,34.5
Brunei,BRN,2017,32.4
Brunei,BRN,2018,30.7
Brunei,BRN,2019,31.7
Brunei,BRN,2020,35.8
Brunei,BRN,2021,32
Brunei,BRN,2022,27.1
Brunei,BRN,2023,32.2
Brunei,BRN,2024,31.5
Brunei,BRN,2025,31.9
Bulgaria,BGR,2004,42.3
Bulgaria,BGR,2005,41.1
Bulgaria,BGR,2006,39.4
Bulgaria,BGR,2007,38.4
Bulgaria,BGR,2008,40
Bulgaria,BGR,2009,42.6
Bulgaria,BGR,2010,44.3
Bulgaria,BGR,2011,42.9
Bulgaria,BGR,2012,46.2
Bulgaria,BGR,2013,49.1
Bulgaria,BGR,2014,51.5
Bulgaria,BGR,2015,51.9
Bulgaria,BGR,2016,52.3
Bulgaria,BGR,2017,53.7
Bulgaria,BGR,2018,53.9
Bulgaria,BGR,2019,53.6
Bulgaria,BGR,2020,53.2
Bulgaria,BGR,2021,51.8
Bulgaria,BGR,2022,49.7
Bulgaria,BGR,2023,50.3
Bulgaria,BGR,2024,51.1
Bulgaria,BGR,2025,51.2
Burkina Faso,BFA,2004,38.3
Burkina Faso,BFA,2005,37.4
Burkina Faso,BFA,2006,36.5
Burkina Faso,BFA,2007,35
Burkina Faso,BFA,2008,33.7
Burkina Faso,BFA,2009,33.4
Burkina Faso,BFA,2010,32.5
Burkina Faso,BFA,2011,31.5
Burkina Faso,BFA,2012,31.1
Burkina Faso,BFA,2013,32.2
Burkina Faso,BFA,2014,33.5
Burkina Faso,BFA,2015,34.5
Burkina Faso,BFA,2016,32.8
Burkina Faso,BFA,2017,33.5
Burkina Faso,BFA,2018,35.9
Burkina Faso,BFA,2019,39.3
Burkina Faso,BFA,2020,37
Burkina Faso,BFA,2021,37.4
Burkina Faso,BFA,2022,41.9
Burkina Faso,BFA,2023,41.2
Burkina Faso,BFA,2024,40.6
Burkina Faso,BFA,2025,40.6
Burundi,BDI,2004,31.7
Burundi,BDI,2005,32.9
Burundi,BDI,2006,31.5
Burundi,BDI,2007,42.4
Burundi,BDI,2008,35.2
Burundi,BDI,2009,36.8
Burundi,BDI,2010,34.4
Burundi,BDI,2011,38.6
Burundi,BDI,2012,42.7
Burundi,BDI,2013,40.6
Burundi,BDI,2014,39.4
Burundi,BDI,2015,44.9
Burundi,BDI,2016,37.2
Burundi,BDI,2017,40.1
Burundi,BDI,2018,39.9
Burundi,BDI,2019,39.7
Burundi,BDI,2020,39.2
Burundi,BDI,2021,40.4
Burundi,BDI,2022,39.6
Burundi,BDI,2023,39.3
Burundi,BDI,2024,39.1
Burundi,BDI,2025,39.5
Cameroon,CMR,2004,51.9
Cameroon,CMR,2005,54.1
Cameroon,CMR,2006,53.6
Cameroon,CMR,2007,53.9
Cameroon,CMR,2008,53.3
Cameroon,CMR,2009,51.9
Cameroon,CMR,2010,53.1
Cameroon,CMR,2011,53
Cameroon,CMR,2012,51.6
Cameroon,CMR,2013,52
Cameroon,CMR,2014,51.8
Cameroon,CMR,2015,48.8
Cameroon,CMR,2016,48.4
Cameroon,CMR,2017,47.4
Cameroon,CMR,2018,45.6
Cameroon,CMR,2019,45
Cameroon,CMR,2020,45
Cameroon,CMR,2021,45
Cameroon,CMR,2022,44.8
Cameroon,CMR,2023,45
Cameroon,CMR,2024,44.9
Cameroon,CMR,2025,44.9
Canada,CAN,2004,60.1
Canada,CAN,2005,59.6
Canada,CAN,2006,60
Canada,CAN,2007,60.7
Canada,CAN,2008,60.2
Canada,CAN,2009,63.2
Canada,CAN,2010,61
Canada,CAN,2011,60.1
Canada,CAN,2012,61.1
Canada,CAN,2013,61
Canada,CAN,2014,60.1
Canada,CAN,2015,62
Canada,CAN,2016,60.9
Canada,CAN,2017,59.9
Canada,CAN,2018,60.5
Canada,CAN,2019,60.5
Canada,CAN,2020,61.6
Canada,CAN,2021,59.2
Canada,CAN,2022,57.4
Canada,CAN,2023,59.4
Canada,CAN,2024,59.6
Canada,CAN,2025,59.7
Cape Verde,CPV,2004,39.7
Cape Verde,CPV,2005,40.1
Cape Verde,CPV,2006,39.9
Cape Verde,CPV,2007,39.1
Cape Verde,CPV,2008,39.1
Cape Verde,CPV,2009,40.2
Cape Verde,CPV,2010,42.7
Cape Verde,CPV,2011,41.6
Cape Verde,CPV,2012,44.2
Cape Verde,CPV,2013,42
Cape Verde,CPV,2014,44.1
Cape Verde,CPV,2015,44.8
Cape Verde,CPV,2016,43.3
Cape Verde,CPV,2017,43.5
Cape Verde,CPV,2018,43.7
Cape Verde,CPV,2019,42.8
Cape Verde,CPV,2020,44.4
Cape Verde,CPV,2021,42.2
Cape Verde,CPV,2022,41.5
Cape Verde,CPV,2023,43.1
Cape Verde,CPV,2024,42.9
Cape Verde,CPV,2025,43
Central and Southern Asia (UN SDG),UNSDG_CSA,2004,52.8
Central and Southern Asia (UN SDG),UNSDG_CSA,2005,51.5
Central and Southern Asia (UN SDG),UNSDG_CSA,2006,50.1
Central and Southern Asia (UN SDG),UNSDG_CSA,2007,49.6
Central and Southern Asia (UN SDG),UNSDG_CSA,2008,53.1
Central and Southern Asia (UN SDG),UNSDG_CSA,2009,54.6
Central and Southern Asia (UN SDG),UNSDG_CSA,2010,53.3
Central and Southern Asia (UN SDG),UNSDG_CSA,2011,52.5
Central and Southern Asia (UN SDG),UNSDG_CSA,2012,52.3
Central and Southern Asia (UN SDG),UNSDG_CSA,2013,51.8
Central and Southern Asia (UN SDG),UNSDG_CSA,2014,52.3
Central and Southern Asia (UN SDG),UNSDG_CSA,2015,51.5
Central and Southern Asia (UN SDG),UNSDG_CSA,2016,51.3
Central and Southern Asia (UN SDG),UNSDG_CSA,2017,52.2
Central and Southern Asia (UN SDG),UNSDG_CSA,2018,53.1
Central and Southern Asia (UN SDG),UNSDG_CSA,2019,53.8
Central and Southern Asia (UN SDG),UNSDG_CSA,2020,55
Central and Southern Asia (UN SDG),UNSDG_CSA,2021,55
Central and Southern Asia (UN SDG),UNSDG_CSA,2022,54.8
Central and Southern Asia (UN SDG),UNSDG_CSA,2023,54.5
Central and Southern Asia (UN SDG),UNSDG_CSA,2024,55
Central and Southern Asia (UN SDG),UNSDG_CSA,2025,55.2
Chile,CHL,2004,54.1
Chile,CHL,2005,51.1
Chile,CHL,2006,45.6
Chile,CHL,2007,45.2
Chile,CHL,2008,50.1
Chile,CHL,2009,50.5
Chile,CHL,2010,48.4
Chile,CHL,2011,49.4
Chile,CHL,2012,50.2
Chile,CHL,2013,50.5
Chile,CHL,2014,51.3
Chile,CHL,2015,51.8
Chile,CHL,2016,52.6
Chile,CHL,2017,52.9
Chile,CHL,2018,55.3
Chile,CHL,2019,55.9
Chile,CHL,2020,52
Chile,CHL,2021,49.9
Chile,CHL,2022,52.9
Chile,CHL,2023,52.9
Chile,CHL,2024,52.5
Chile,CHL,2025,52.7
Colombia,COL,2004,50.3
Colombia,COL,2005,51.8
Colombia,COL,2006,51.7
Colombia,COL,2007,48.5
Colombia,COL,2008,52.2
Colombia,COL,2009,55.9
Colombia,COL,2010,56.3
Colombia,COL,2011,53.8
Colombia,COL,2012,54.4
Colombia,COL,2013,54.1
Colombia,COL,2014,53.9
Colombia,COL,2015,55.9
Colombia,COL,2016,55.5
Colombia,COL,2017,56
Colombia,COL,2018,56.2
Colombia,COL,2019,55.1
Colombia,COL,2020,60
Colombia,COL,2021,54.7
Colombia,COL,2022,46.8
Colombia,COL,2023,49.8
Colombia,COL,2024,49.6
Colombia,COL,2025,49.5
Costa Rica,CRI,2004,52.9
Costa Rica,CRI,2005,51.2
Costa Rica,CRI,2006,51
Costa Rica,CRI,2007,50.3
Costa Rica,CRI,2008,51.3
Costa Rica,CRI,2009,53.9
Costa Rica,CRI,2010,55
Costa Rica,CRI,2011,56.9
Costa Rica,CRI,2012,57.4
Costa Rica,CRI,2013,58.5
Costa Rica,CRI,2014,57.3
Costa Rica,CRI,2015,57
Costa Rica,CRI,2016,55.6
Costa Rica,CRI,2017,54
Costa Rica,CRI,2018,54.6
Costa Rica,CRI,2019,55.7
Costa Rica,CRI,2020,55.3
Costa Rica,CRI,2021,53.5
Costa Rica,CRI,2022,52.9
Costa Rica,CRI,2023,54.2
Costa Rica,CRI,2024,54.4
Costa Rica,CRI,2025,54.6
Cote d'Ivoire,CIV,2004,31.8
Cote d'Ivoire,CIV,2005,32.3
Cote d'Ivoire,CIV,2006,32.2
Cote d'Ivoire,CIV,2007,32.6
Cote d'Ivoire,CIV,2008,30.2
Cote d'Ivoire,CIV,2009,30.9
Cote d'Ivoire,CIV,2010,31
Cote d'Ivoire,CIV,2011,28.4
Cote d'Ivoire,CIV,2012,29
Cote d'Ivoire,CIV,2013,29
Cote d'Ivoire,CIV,2014,29.3
Cote d'Ivoire,CIV,2015,29.7
Cote d'Ivoire,CIV,2016,29.7
Cote d'Ivoire,CIV,2017,29.7
Cote d'Ivoire,CIV,2018,30.5
Cote d'Ivoire,CIV,2019,30.1
Cote d'Ivoire,CIV,2020,30.2
Cote d'Ivoire,CIV,2021,30.6
Cote d'Ivoire,CIV,2022,31.1
Cote d'Ivoire,CIV,2023,31
Cote d'Ivoire,CIV,2024,31.1
Cote d'Ivoire,CIV,2025,31
Croatia,HRV,2004,60.8
Croatia,HRV,2005,59.9
Croatia,HRV,2006,58.2
Croatia,HRV,2007,58
Croatia,HRV,2008,57.8
Croatia,HRV,2009,59.9
Croatia,HRV,2010,58.4
Croatia,HRV,2011,57.7
Croatia,HRV,2012,57.9
Croatia,HRV,2013,56.5
Croatia,HRV,2014,56.7
Croatia,HRV,2015,58.5
Croatia,HRV,2016,56.6
Croatia,HRV,2017,56.2
Croatia,HRV,2018,59.3
Croatia,HRV,2019,58.3
Croatia,HRV,2020,63.2
Croatia,HRV,2021,55.2
Croatia,HRV,2022,55.2
Croatia,HRV,2023,56.1
Croatia,HRV,2024,56
Croatia,HRV,2025,56.1
Cyprus,CYP,2004,53.7
Cyprus,CYP,2005,56.2
Cyprus,CYP,2006,54.2
Cyprus,CYP,2007,53.8
Cyprus,CYP,2008,55.8
Cyprus,CYP,2009,58.4
Cyprus,CYP,2010,57.2
Cyprus,CYP,2011,57.6
Cyprus,CYP,2012,56.2
Cyprus,CYP,2013,54
Cyprus,CYP,2014,52
Cyprus,CYP,2015,49.6
Cyprus,CYP,2016,48.1
Cyprus,CYP,2017,48.1
Cyprus,CYP,2018,48.9
Cyprus,CYP,2019,49.9
Cyprus,CYP,2020,51.5
Cyprus,CYP,2021,47.9
Cyprus,CYP,2022,45.2
Cyprus,CYP,2023,45.3
Cyprus,CYP,2024,45.2
Cyprus,CYP,2025,45.3
Czechia,CZE,2004,52.3
Czechia,CZE,2005,51.7
Czechia,CZE,2006,51.7
Czechia,CZE,2007,51.9
Czechia,CZE,2008,52.9
Czechia,CZE,2009,53.3
Czechia,CZE,2010,54.2
Czechia,CZE,2011,53.4
Czechia,CZE,2012,54.9
Czechia,CZE,2013,53.6
Czechia,CZE,2014,53.3
Czechia,CZE,2015,51.7
Czechia,CZE,2016,52.6
Czechia,CZE,2017,54.8
Czechia,CZE,2018,56.3
Czechia,CZE,2019,56.9
Czechia,CZE,2020,57.6
Czechia,CZE,2021,56.3
Czechia,CZE,2022,54.9
Czechia,CZE,2023,55.3
Czechia,CZE,2024,55.8
Czechia,CZE,2025,55.7
Denmark,DNK,2004,60.5
Denmark,DNK,2005,59.7
Denmark,DNK,2006,60
Denmark,DNK,2007,60.4
Denmark,DNK,2008,60.8
Denmark,DNK,2009,63.2
Denmark,DNK,2010,59.6
Denmark,DNK,2011,60.5
Denmark,DNK,2012,59.4
Denmark,DNK,2013,58.9
Denmark,DNK,2014,58.3
Denmark,DNK,2015,58
Denmark,DNK,2016,57.4
Denmark,DNK,2017,56.4
Denmark,DNK,2018,56.1
Denmark,DNK,2019,57.3
Denmark,DNK,2020,57.9
Denmark,DNK,2021,56.6
Denmark,DNK,2022,55
Denmark,DNK,2023,57.7
Denmark,DNK,2024,57
Denmark,DNK,2025,57.1
Developing regions,,2004,47.7
Developing regions,,2005,47.2
Developing regions,,2006,46.7
Developing regions,,2007,46.6
Developing regions,,2008,47.6
Developing regions,,2009,49.3
Developing regions,,2010,48.3
Developing regions,,2011,48.3
Developing regions,,2012,48.6
Developing regions,,2013,49
Developing regions,,2014,49.5
Developing regions,,2015,49.6
Developing regions,,2016,49.6
Developing regions,,2017,49.6
Developing regions,,2018,49.6
Developing regions,,2019,50
Developing regions,,2020,50.6
Developing regions,,2021,49.9
Developing regions,,2022,49.6
Developing regions,,2023,49.9
Developing regions,,2024,50
Developing regions,,2025,50.2
Dominican Republic,DOM,2004,41.8
Dominican Republic,DOM,2005,47.1
Dominican Republic,DOM,2006,49.3
Dominican Republic,DOM,2007,51.7
Dominican Republic,DOM,2008,53.7
Dominican Republic,DOM,2009,56.7
Dominican Republic,DOM,2010,56
Dominican Republic,DOM,2011,55.5
Dominican Republic,DOM,2012,51
Dominican Republic,DOM,2013,52.4
Dominican Republic,DOM,2014,51.2
Dominican Republic,DOM,2015,48.7
Dominican Republic,DOM,2016,47.2
Dominican Republic,DOM,2017,47.6
Dominican Republic,DOM,2018,47.2
Dominican Republic,DOM,2019,47.4
Dominican Republic,DOM,2020,48.4
Dominican Republic,DOM,2021,47.2
Dominican Republic,DOM,2022,47.4
Dominican Republic,DOM,2023,48
Dominican Republic,DOM,2024,47.6
Dominican Republic,DOM,2025,47.7
East Timor,TLS,2004,37.9
East Timor,TLS,2005,38.2
East Timor,TLS,2006,40.2
East Timor,TLS,2007,41.3
East Timor,TLS,2008,45.4
East Timor,TLS,2009,57.5
East Timor,TLS,2010,52.8
East Timor,TLS,2011,57.9
East Timor,TLS,2012,53.2
East Timor,TLS,2013,47.4
East Timor,TLS,2014,52.4
East Timor,TLS,2015,47.7
East Timor,TLS,2016,47.3
East Timor,TLS,2017,53.2
East Timor,TLS,2018,52.8
East Timor,TLS,2019,39
East Timor,TLS,2020,38.6
East Timor,TLS,2021,26.1
East Timor,TLS,2022,31.1
East Timor,TLS,2023,31.2
East Timor,TLS,2024,31.1
East Timor,TLS,2025,31.2
Eastern and South-Eastern Asia (UN SDG),UNSDG_ESEA,2004,52.1
Eastern and South-Eastern Asia (UN SDG),UNSDG_ESEA,2005,52.1
Eastern and South-Eastern Asia (UN SDG),UNSDG_ESEA,2006,52
Eastern and South-Eastern Asia (UN SDG),UNSDG_ESEA,2007,51.7
Eastern and South-Eastern Asia (UN SDG),UNSDG_ESEA,2008,52.4
Eastern and South-Eastern Asia (UN SDG),UNSDG_ESEA,2009,52.6
Eastern and South-Eastern Asia (UN SDG),UNSDG_ESEA,2010,51.7
Eastern and South-Eastern Asia (UN SDG),UNSDG_ESEA,2011,52.1
Eastern and South-Eastern Asia (UN SDG),UNSDG_ESEA,2012,52.3
Eastern and South-Eastern Asia (UN SDG),UNSDG_ESEA,2013,52.3
Eastern and South-Eastern Asia (UN SDG),UNSDG_ESEA,2014,52.3
Eastern and South-Eastern Asia (UN SDG),UNSDG_ESEA,2015,52.1
Eastern and South-Eastern Asia (UN SDG),UNSDG_ESEA,2016,52
Eastern and South-Eastern Asia (UN SDG),UNSDG_ESEA,2017,51.8
Eastern and South-Eastern Asia (UN SDG),UNSDG_ESEA,2018,51.9
Eastern and South-Eastern Asia (UN SDG),UNSDG_ESEA,2019,52
Eastern and South-Eastern Asia (UN SDG),UNSDG_ESEA,2020,52.6
Eastern and South-Eastern Asia (UN SDG),UNSDG_ESEA,2021,52.1
Eastern and South-Eastern Asia (UN SDG),UNSDG_ESEA,2022,52.1
Eastern and South-Eastern Asia (UN SDG),UNSDG_ESEA,2023,51.7
Eastern and South-Eastern Asia (UN SDG),UNSDG_ESEA,2024,51.6
Eastern and South-Eastern Asia (UN SDG),UNSDG_ESEA,2025,51.8
Ecuador,ECU,2004,47.3
Ecuador,ECU,2005,47.6
Ecuador,ECU,2006,48
Ecuador,ECU,2007,48.4
Ecuador,ECU,2008,46.9
Ecuador,ECU,2009,52.2
Ecuador,ECU,2010,50.8
Ecuador,ECU,2011,51.7
Ecuador,ECU,2012,53.9
Ecuador,ECU,2013,54.9
Ecuador,ECU,2014,54.3
Ecuador,ECU,2015,56.3
Ecuador,ECU,2016,56.1
Ecuador,ECU,2017,56.1
Ecuador,ECU,2018,56.7
Ecuador,ECU,2019,59
Ecuador,ECU,2020,60
Ecuador,ECU,2021,56.7
Ecuador,ECU,2022,57
Ecuador,ECU,2023,58
Ecuador,ECU,2024,58.7
Ecuador,ECU,2025,58.1
Egypt,EGY,2004,40.9
Egypt,EGY,2005,38.8
Egypt,EGY,2006,38
Egypt,EGY,2007,38.3
Egypt,EGY,2008,36
Egypt,EGY,2009,35.8
Egypt,EGY,2010,36.1
Egypt,EGY,2011,38.7
Egypt,EGY,2012,37.2
Egypt,EGY,2013,41.5
Egypt,EGY,2014,43.6
Egypt,EGY,2015,43.2
Egypt,EGY,2016,43
Egypt,EGY,2017,43.2
Egypt,EGY,2018,42.6
Egypt,EGY,2019,42.9
Egypt,EGY,2020,44
Egypt,EGY,2021,42.2
Egypt,EGY,2022,40.9
Egypt,EGY,2023,41.6
Egypt,EGY,2024,42.1
Egypt,EGY,2025,41.6
El Salvador,SLV,2004,52.7
El Salvador,SLV,2005,52.3
El Salvador,SLV,2006,51.7
El Salvador,SLV,2007,52.4
El Salvador,SLV,2008,52.3
El Salvador,SLV,2009,53.5
El Salvador,SLV,2010,52.3
El Salvador,SLV,2011,51.4
El Salvador,SLV,2012,50.6
El Salvador,SLV,2013,51
El Salvador,SLV,2014,50.2
El Salvador,SLV,2015,52.5
El Salvador,SLV,2016,52.2
El Salvador,SLV,2017,52.2
El Salvador,SLV,2018,52.9
El Salvador,SLV,2019,53.3
El Salvador,SLV,2020,55.3
El Salvador,SLV,2021,52.1
El Salvador,SLV,2022,49.3
El Salvador,SLV,2023,48.2
El Salvador,SLV,2024,48.4
El Salvador,SLV,2025,48.4
Europe (UN),UN_EUR,2004,57.3
Europe (UN),UN_EUR,2005,57
Europe (UN),UN_EUR,2006,56.6
Europe (UN),UN_EUR,2007,56.7
Europe (UN),UN_EUR,2008,57.3
Europe (UN),UN_EUR,2009,59.3
Europe (UN),UN_EUR,2010,58.3
Europe (UN),UN_EUR,2011,56.6
Europe (UN),UN_EUR,2012,56.7
Europe (UN),UN_EUR,2013,56.8
Europe (UN),UN_EUR,2014,57
Europe (UN),UN_EUR,2015,56.3
Europe (UN),UN_EUR,2016,56.7
Europe (UN),UN_EUR,2017,56.4
Europe (UN),UN_EUR,2018,56
Europe (UN),UN_EUR,2019,56
Europe (UN),UN_EUR,2020,57.4
Europe (UN),UN_EUR,2021,55.4
Europe (UN),UN_EUR,2022,55.1
Europe (UN),UN_EUR,2023,55.2
Europe (UN),UN_EUR,2024,55.6
Europe (UN),UN_EUR,2025,55.7
Europe and Northern America (UN SDG),UNSDG_ENA,2004,59
Europe and Northern America (UN SDG),UNSDG_ENA,2005,58.5
Europe and Northern America (UN SDG),UNSDG_ENA,2006,58.2
Europe and Northern America (UN SDG),UNSDG_ENA,2007,58.3
Europe and Northern America (UN SDG),UNSDG_ENA,2008,58.6
Europe and Northern America (UN SDG),UNSDG_ENA,2009,59.5
Europe and Northern America (UN SDG),UNSDG_ENA,2010,58.5
Europe and Northern America (UN SDG),UNSDG_ENA,2011,57.4
Europe and Northern America (UN SDG),UNSDG_ENA,2012,57.5
Europe and Northern America (UN SDG),UNSDG_ENA,2013,57.3
Europe and Northern America (UN SDG),UNSDG_ENA,2014,57.4
Europe and Northern America (UN SDG),UNSDG_ENA,2015,57.3
Europe and Northern America (UN SDG),UNSDG_ENA,2016,57.4
Europe and Northern America (UN SDG),UNSDG_ENA,2017,57.2
Europe and Northern America (UN SDG),UNSDG_ENA,2018,57
Europe and Northern America (UN SDG),UNSDG_ENA,2019,56.9
Europe and Northern America (UN SDG),UNSDG_ENA,2020,58.3
Europe and Northern America (UN SDG),UNSDG_ENA,2021,56.6
Europe and Northern America (UN SDG),UNSDG_ENA,2022,55.9
Europe and Northern America (UN SDG),UNSDG_ENA,2023,55.7
Europe and Northern America (UN SDG),UNSDG_ENA,2024,56
Europe and Northern America (UN SDG),UNSDG_ENA,2025,56.1
Finland,FIN,2004,54.6
Finland,FIN,2005,55.2
Finland,FIN,2006,56.8
Finland,FIN,2007,55.5
Finland,FIN,2008,55.9
Finland,FIN,2009,59.8
Finland,FIN,2010,59
Finland,FIN,2011,58.1
Finland,FIN,2012,58.1
Finland,FIN,2013,58
Finland,FIN,2014,56.3
Finland,FIN,2015,57.4
Finland,FIN,2016,55.6
Finland,FIN,2017,53.7
Finland,FIN,2018,54
Finland,FIN,2019,54.1
Finland,FIN,2020,53.7
Finland,FIN,2021,54.8
Finland,FIN,2022,54.6
Finland,FIN,2023,54.9
Finland,FIN,2024,54.3
Finland,FIN,2025,54.1
France,FRA,2004,60
France,FRA,2005,60.8
France,FRA,2006,61.2
France,FRA,2007,62.3
France,FRA,2008,60.9
France,FRA,2009,62.6
France,FRA,2010,63.4
France,FRA,2011,63
France,FRA,2012,62.3
France,FRA,2013,61.5
France,FRA,2014,63.4
France,FRA,2015,62.2
France,FRA,2016,61.8
France,FRA,2017,59.8
France,FRA,2018,60
France,FRA,2019,59.6
France,FRA,2020,60.8
France,FRA,2021,59.8
France,FRA,2022,61.3
France,FRA,2023,60.5
France,FRA,2024,60.6
France,FRA,2025,60.7
Germany,DEU,2004,62.1
Germany,DEU,2005,61.9
Germany,DEU,2006,60.1
Germany,DEU,2007,58.7
Germany,DEU,2008,59.3
Germany,DEU,2009,62.6
Germany,DEU,2010,61.1
Germany,DEU,2011,61
Germany,DEU,2012,61.9
Germany,DEU,2013,62
Germany,DEU,2014,61.6
Germany,DEU,2015,61.8
Germany,DEU,2016,61.6
Germany,DEU,2017,61.7
Germany,DEU,2018,62.1
Germany,DEU,2019,62.5
Germany,DEU,2020,62.6
Germany,DEU,2021,60.9
Germany,DEU,2022,60
Germany,DEU,2023,60
Germany,DEU,2024,60.7
Germany,DEU,2025,60.6
Greece,GRC,2004,53.8
Greece,GRC,2005,55.4
Greece,GRC,2006,54.2
Greece,GRC,2007,54
Greece,GRC,2008,55
Greece,GRC,2009,57.5
Greece,GRC,2010,58.1
Greece,GRC,2011,59.7
Greece,GRC,2012,58.8
Greece,GRC,2013,55.5
Greece,GRC,2014,55.9
Greece,GRC,2015,52.9
Greece,GRC,2016,54.3
Greece,GRC,2017,54.4
Greece,GRC,2018,56.4
Greece,GRC,2019,56
Greece,GRC,2020,58.8
Greece,GRC,2021,56.1
Greece,GRC,2022,54.2
Greece,GRC,2023,52.3
Greece,GRC,2024,52.8
Greece,GRC,2025,52.8
Guatemala,GTM,2004,53.1
Guatemala,GTM,2005,49.7
Guatemala,GTM,2006,46.5
Guatemala,GTM,2007,44.8
Guatemala,GTM,2008,43.7
Guatemala,GTM,2009,43.6
Guatemala,GTM,2010,43.1
Guatemala,GTM,2011,39.3
Guatemala,GTM,2012,40
Guatemala,GTM,2013,51.6
Guatemala,GTM,2014,47.9
Guatemala,GTM,2015,48.8
Guatemala,GTM,2016,47.8
Guatemala,GTM,2017,49.8
Guatemala,GTM,2018,48.4
Guatemala,GTM,2019,46.9
Guatemala,GTM,2020,48.3
Guatemala,GTM,2021,47.4
Guatemala,GTM,2022,45.7
Guatemala,GTM,2023,44.5
Guatemala,GTM,2024,44.5
Guatemala,GTM,2025,44.3
Honduras,HND,2004,68.5
Honduras,HND,2005,68.1
Honduras,HND,2006,65.3
Honduras,HND,2007,68.3
Honduras,HND,2008,68.4
Honduras,HND,2009,73.8
Honduras,HND,2010,76.3
Honduras,HND,2011,71.1
Honduras,HND,2012,71.4
Honduras,HND,2013,70.1
Honduras,HND,2014,65.2
Honduras,HND,2015,62.5
Honduras,HND,2016,60.7
Honduras,HND,2017,62.9
Honduras,HND,2018,62.1
Honduras,HND,2019,62.7
Honduras,HND,2020,60.4
Honduras,HND,2021,58.8
Honduras,HND,2022,57.1
Honduras,HND,2023,58.7
Honduras,HND,2024,58.7
Honduras,HND,2025,58.8
Hungary,HUN,2004,57.3
Hungary,HUN,2005,57.4
Hungary,HUN,2006,56.6
Hungary,HUN,2007,55.3
Hungary,HUN,2008,53.5
Hungary,HUN,2009,53
Hungary,HUN,2010,50.9
Hungary,HUN,2011,50.5
Hungary,HUN,2012,51.5
Hungary,HUN,2013,50.3
Hungary,HUN,2014,49.4
Hungary,HUN,2015,47.8
Hungary,HUN,2016,49.1
Hungary,HUN,2017,49.1
Hungary,HUN,2018,48.8
Hungary,HUN,2019,48.4
Hungary,HUN,2020,48.6
Hungary,HUN,2021,46.9
Hungary,HUN,2022,45.5
Hungary,HUN,2023,46.9
Hungary,HUN,2024,49
Hungary,HUN,2025,48.8
India,IND,2004,59.4
India,IND,2005,57.3
India,IND,2006,54.9
India,IND,2007,54.7
India,IND,2008,60.2
India,IND,2009,61.7
India,IND,2010,59.3
India,IND,2011,58.2
India,IND,2012,57.3
India,IND,2013,56.5
India,IND,2014,56.8
India,IND,2015,54.9
India,IND,2016,55
India,IND,2017,56.3
India,IND,2018,58
India,IND,2019,58.7
India,IND,2020,60.8
India,IND,2021,60.7
India,IND,2022,60.6
India,IND,2023,59.8
India,IND,2024,60.3
India,IND,2025,60.4
Indonesia,IDN,2004,62
Indonesia,IDN,2005,61.5
Indonesia,IDN,2006,61.7
Indonesia,IDN,2007,61.1
Indonesia,IDN,2008,61.9
Indonesia,IDN,2009,62.5
Indonesia,IDN,2010,61.3
Indonesia,IDN,2011,61.1
Indonesia,IDN,2012,61
Indonesia,IDN,2013,61.1
Indonesia,IDN,2014,61.4
Indonesia,IDN,2015,61.3
Indonesia,IDN,2016,61.2
Indonesia,IDN,2017,60.2
Indonesia,IDN,2018,59.5
Indonesia,IDN,2019,58.4
Indonesia,IDN,2020,58.9
Indonesia,IDN,2021,58.5
Indonesia,IDN,2022,58.1
Indonesia,IDN,2023,58.3
Indonesia,IDN,2024,58.3
Indonesia,IDN,2025,58.4
Ireland,IRL,2004,53.6
Ireland,IRL,2005,53.3
Ireland,IRL,2006,52.6
Ireland,IRL,2007,54.1
Ireland,IRL,2008,56.7
Ireland,IRL,2009,56
Ireland,IRL,2010,54.1
Ireland,IRL,2011,50
Ireland,IRL,2012,49
Ireland,IRL,2013,48.1
Ireland,IRL,2014,45.5
Ireland,IRL,2015,35.3
Ireland,IRL,2016,36.6
Ireland,IRL,2017,35.4
Ireland,IRL,2018,34.6
Ireland,IRL,2019,33.7
Ireland,IRL,2020,32.5
Ireland,IRL,2021,30.1
Ireland,IRL,2022,29.2
Ireland,IRL,2023,32.9
Ireland,IRL,2024,33.5
Ireland,IRL,2025,33.4
Italy,ITA,2004,57.5
Italy,ITA,2005,57.4
Italy,ITA,2006,57.4
Italy,ITA,2007,57
Italy,ITA,2008,57.6
Italy,ITA,2009,59
Italy,ITA,2010,58.7
Italy,ITA,2011,58
Italy,ITA,2012,58
Italy,ITA,2013,57.9
Italy,ITA,2014,57.4
Italy,ITA,2015,58
Italy,ITA,2016,60
Italy,ITA,2017,61.3
Italy,ITA,2018,61.6
Italy,ITA,2019,59.1
Italy,ITA,2020,56.8
Italy,ITA,2021,57.2
Italy,ITA,2022,55.4
Italy,ITA,2023,57.6
Italy,ITA,2024,58.2
Italy,ITA,2025,58.3
Jamaica,JAM,2004,56.4
Jamaica,JAM,2005,55.5
Jamaica,JAM,2006,56.3
Jamaica,JAM,2007,56.9
Jamaica,JAM,2008,58.7
Jamaica,JAM,2009,58.4
Jamaica,JAM,2010,58.2
Jamaica,JAM,2011,56.4
Jamaica,JAM,2012,59.1
Jamaica,JAM,2013,56.8
Jamaica,JAM,2014,56.4
Jamaica,JAM,2015,55.3
Jamaica,JAM,2016,54.8
Jamaica,JAM,2017,54.1
Jamaica,JAM,2018,53.9
Jamaica,JAM,2019,53.9
Jamaica,JAM,2020,55.6
Jamaica,JAM,2021,53.2
Jamaica,JAM,2022,52.7
Jamaica,JAM,2023,53.4
Jamaica,JAM,2024,54.1
Jamaica,JAM,2025,53.5
Japan,JPN,2004,53.7
Japan,JPN,2005,54.1
Japan,JPN,2006,54.6
Japan,JPN,2007,54.4
Japan,JPN,2008,55.5
Japan,JPN,2009,56.2
Japan,JPN,2010,54.4
Japan,JPN,2011,55.3
Japan,JPN,2012,54.8
Japan,JPN,2013,54.2
Japan,JPN,2014,53.6
Japan,JPN,2015,52.4
Japan,JPN,2016,52.9
Japan,JPN,2017,52.8
Japan,JPN,2018,54.4
Japan,JPN,2019,55.1
Japan,JPN,2020,56.3
Japan,JPN,2021,56.2
Japan,JPN,2022,56.8
Japan,JPN,2023,54.3
Japan,JPN,2024,53.8
Japan,JPN,2025,53.7
Jordan,JOR,2004,43.2
Jordan,JOR,2005,42.9
Jordan,JOR,2006,42.5
Jordan,JOR,2007,43.7
Jordan,JOR,2008,41.9
Jordan,JOR,2009,44.2
Jordan,JOR,2010,41.9
Jordan,JOR,2011,42.6
Jordan,JOR,2012,43
Jordan,JOR,2013,42.6
Jordan,JOR,2014,42.1
Jordan,JOR,2015,42.9
Jordan,JOR,2016,43.9
Jordan,JOR,2017,45.3
Jordan,JOR,2018,44.2
Jordan,JOR,2019,44.8
Jordan,JOR,2020,46
Jordan,JOR,2021,45.3
Jordan,JOR,2022,44.8
Jordan,JOR,2023,44.8
Jordan,JOR,2024,45
Jordan,JOR,2025,45
Kenya,KEN,2004,51.9
Kenya,KEN,2005,50.8
Kenya,KEN,2006,50.7
Kenya,KEN,2007,48.6
Kenya,KEN,2008,43.7
Kenya,KEN,2009,43.6
Kenya,KEN,2010,45.1
Kenya,KEN,2011,42.7
Kenya,KEN,2012,42.4
Kenya,KEN,2013,42.6
Kenya,KEN,2014,42.6
Kenya,KEN,2015,40.5
Kenya,KEN,2016,38.1
Kenya,KEN,2017,37.9
Kenya,KEN,2018,37.7
Kenya,KEN,2019,37.2
Kenya,KEN,2020,36.6
Kenya,KEN,2021,35.8
Kenya,KEN,2022,34.9
Kenya,KEN,2023,33.7
Kenya,KEN,2024,33.9
Kenya,KEN,2025,33.9
Laos,LAO,2004,48
Laos,LAO,2005,47.8
Laos,LAO,2006,47.4
Laos,LAO,2007,47.6
Laos,LAO,2008,47.5
Laos,LAO,2009,47.5
Laos,LAO,2010,47.3
Laos,LAO,2011,47.3
Laos,LAO,2012,47.3
Laos,LAO,2013,47.2
Laos,LAO,2014,47.3
Laos,LAO,2015,47.3
Laos,LAO,2016,47.3
Laos,LAO,2017,47.3
Laos,LAO,2018,47.5
Laos,LAO,2019,47.6
Laos,LAO,2020,47.8
Laos,LAO,2021,47.7
Laos,LAO,2022,48.1
Laos,LAO,2023,47.8
Laos,LAO,2024,47.6
Laos,LAO,2025,48
Latin America and the Caribbean (UN SDG),UNSDG_LAC,2004,46.5
Latin America and the Caribbean (UN SDG),UNSDG_LAC,2005,46.6
Latin America and the Caribbean (UN SDG),UNSDG_LAC,2006,46.6
Latin America and the Caribbean (UN SDG),UNSDG_LAC,2007,46.1
Latin America and the Caribbean (UN SDG),UNSDG_LAC,2008,47
Latin America and the Caribbean (UN SDG),UNSDG_LAC,2009,49.6
Latin America and the Caribbean (UN SDG),UNSDG_LAC,2010,48.1
Latin America and the Caribbean (UN SDG),UNSDG_LAC,2011,48.4
Latin America and the Caribbean (UN SDG),UNSDG_LAC,2012,48.9
Latin America and the Caribbean (UN SDG),UNSDG_LAC,2013,49.8
Latin America and the Caribbean (UN SDG),UNSDG_LAC,2014,50.4
Latin America and the Caribbean (UN SDG),UNSDG_LAC,2015,49.5
Latin America and the Caribbean (UN SDG),UNSDG_LAC,2016,49.4
Latin America and the Caribbean (UN SDG),UNSDG_LAC,2017,49
Latin America and the Caribbean (UN SDG),UNSDG_LAC,2018,48.7
Latin America and the Caribbean (UN SDG),UNSDG_LAC,2019,48.9
Latin America and the Caribbean (UN SDG),UNSDG_LAC,2020,49
Latin America and the Caribbean (UN SDG),UNSDG_LAC,2021,48
Latin America and the Caribbean (UN SDG),UNSDG_LAC,2022,48.2
Latin America and the Caribbean (UN SDG),UNSDG_LAC,2023,48.9
Latin America and the Caribbean (UN SDG),UNSDG_LAC,2024,48.9
Latin America and the Caribbean (UN SDG),UNSDG_LAC,2025,49.2
Latin America and the Caribbean (UN),UN_LAC,2004,46.5
Latin America and the Caribbean (UN),UN_LAC,2005,46.6
Latin America and the Caribbean (UN),UN_LAC,2006,46.6
Latin America and the Caribbean (UN),UN_LAC,2007,46.1
Latin America and the Caribbean (UN),UN_LAC,2008,47
Latin America and the Caribbean (UN),UN_LAC,2009,49.6
Latin America and the Caribbean (UN),UN_LAC,2010,48.1
Latin America and the Caribbean (UN),UN_LAC,2011,48.4
Latin America and the Caribbean (UN),UN_LAC,2012,48.9
Latin America and the Caribbean (UN),UN_LAC,2013,49.8
Latin America and the Caribbean (UN),UN_LAC,2014,50.4
Latin America and the Caribbean (UN),UN_LAC,2015,49.5
Latin America and the Caribbean (UN),UN_LAC,2016,49.4
Latin America and the Caribbean (UN),UN_LAC,2017,49
Latin America and the Caribbean (UN),UN_LAC,2018,48.7
Latin America and the Caribbean (UN),UN_LAC,2019,48.9
Latin America and the Caribbean (UN),UN_LAC,2020,49
Latin America and the Caribbean (UN),UN_LAC,2021,48
Latin America and the Caribbean (UN),UN_LAC,2022,48.2
Latin America and the Caribbean (UN),UN_LAC,2023,48.9
Latin America and the Caribbean (UN),UN_LAC,2024,48.9
Latin America and the Caribbean (UN),UN_LAC,2025,49.2
Latvia,LVA,2004,44.4
Latvia,LVA,2005,46.5
Latvia,LVA,2006,47.8
Latvia,LVA,2007,51.1
Latvia,LVA,2008,56.4
Latvia,LVA,2009,54.7
Latvia,LVA,2010,49.9
Latvia,LVA,2011,47.6
Latvia,LVA,2012,46.7
Latvia,LVA,2013,49.2
Latvia,LVA,2014,50.6
Latvia,LVA,2015,52.5
Latvia,LVA,2016,53.9
Latvia,LVA,2017,54.6
Latvia,LVA,2018,56.1
Latvia,LVA,2019,57.7
Latvia,LVA,2020,59.7
Latvia,LVA,2021,56.4
Latvia,LVA,2022,56.5
Latvia,LVA,2023,60.8
Latvia,LVA,2024,64
Latvia,LVA,2025,63.7
Least Developed Countries (LDCs),,2004,41.5
Least Developed Countries (LDCs),,2005,40.7
Least Developed Countries (LDCs),,2006,40.7
Least Developed Countries (LDCs),,2007,40.8
Least Developed Countries (LDCs),,2008,40.9
Least Developed Countries (LDCs),,2009,42.8
Least Developed Countries (LDCs),,2010,41.5
Least Developed Countries (LDCs),,2011,41.7
Least Developed Countries (LDCs),,2012,41.8
Least Developed Countries (LDCs),,2013,41.6
Least Developed Countries (LDCs),,2014,41.7
Least Developed Countries (LDCs),,2015,42.9
Least Developed Countries (LDCs),,2016,42.6
Least Developed Countries (LDCs),,2017,42.7
Least Developed Countries (LDCs),,2018,42.8
Least Developed Countries (LDCs),,2019,43
Least Developed Countries (LDCs),,2020,43
Least Developed Countries (LDCs),,2021,43.2
Least Developed Countries (LDCs),,2022,43.1
Least Developed Countries (LDCs),,2023,43.4
Least Developed Countries (LDCs),,2024,43.7
Least Developed Countries (LDCs),,2025,43.7
Lesotho,LSO,2004,53
Lesotho,LSO,2005,51.1
Lesotho,LSO,2006,48.5
Lesotho,LSO,2007,46.6
Lesotho,LSO,2008,46.6
Lesotho,LSO,2009,50.9
Lesotho,LSO,2010,51
Lesotho,LSO,2011,49.9
Lesotho,LSO,2012,51.9
Lesotho,LSO,2013,54.6
Lesotho,LSO,2014,54.6
Lesotho,LSO,2015,54.1
Lesotho,LSO,2016,54
Lesotho,LSO,2017,56.1
Lesotho,LSO,2018,55.6
Lesotho,LSO,2019,55.6
Lesotho,LSO,2020,56.6
Lesotho,LSO,2021,55.2
Lesotho,LSO,2022,54.5
Lesotho,LSO,2023,54.5
Lesotho,LSO,2024,54.4
Lesotho,LSO,2025,54.6
Lithuania,LTU,2004,44.9
Lithuania,LTU,2005,44.9
Lithuania,LTU,2006,47.3
Lithuania,LTU,2007,46.7
Lithuania,LTU,2008,48.6
Lithuania,LTU,2009,49.2
Lithuania,LTU,2010,44.6
Lithuania,LTU,2011,42.6
Lithuania,LTU,2012,41.8
Lithuania,LTU,2013,43.4
Lithuania,LTU,2014,43.3
Lithuania,LTU,2015,46.8
Lithuania,LTU,2016,47.1
Lithuania,LTU,2017,48.9
Lithuania,LTU,2018,49.7
Lithuania,LTU,2019,51.2
Lithuania,LTU,2020,53.1
Lithuania,LTU,2021,52
Lithuania,LTU,2022,51.5
Lithuania,LTU,2023,53.6
Lithuania,LTU,2024,56.2
Lithuania,LTU,2025,56.2
Luxembourg,LUX,2004,55.7
Luxembourg,LUX,2005,54.7
Luxembourg,LUX,2006,53.1
Luxembourg,LUX,2007,51.3
Luxembourg,LUX,2008,52.1
Luxembourg,LUX,2009,55.1
Luxembourg,LUX,2010,51.6
Luxembourg,LUX,2011,52.9
Luxembourg,LUX,2012,52.8
Luxembourg,LUX,2013,52.4
Luxembourg,LUX,2014,51.4
Luxembourg,LUX,2015,53.6
Luxembourg,LUX,2016,52.8
Luxembourg,LUX,2017,54
Luxembourg,LUX,2018,55.8
Luxembourg,LUX,2019,57.4
Luxembourg,LUX,2020,56.5
Luxembourg,LUX,2021,54.3
Luxembourg,LUX,2022,55.8
Luxembourg,LUX,2023,57.8
Luxembourg,LUX,2024,57.3
Luxembourg,LUX,2025,57.2
Mali,MLI,2004,29.7
Mali,MLI,2005,31.2
Mali,MLI,2006,31.6
Mali,MLI,2007,39.6
Mali,MLI,2008,39
Mali,MLI,2009,36
Mali,MLI,2010,33.5
Mali,MLI,2011,34.8
Mali,MLI,2012,38
Mali,MLI,2013,37
Mali,MLI,2014,41.9
Mali,MLI,2015,41.5
Mali,MLI,2016,40.8
Mali,MLI,2017,37.1
Mali,MLI,2018,37.9
Mali,MLI,2019,38.6
Mali,MLI,2020,37.8
Mali,MLI,2021,39.3
Mali,MLI,2022,40.8
Mali,MLI,2023,40.3
Mali,MLI,2024,40.4
Mali,MLI,2025,40.2
Mauritania,MRT,2004,36.5
Mauritania,MRT,2005,35.7
Mauritania,MRT,2006,32.7
Mauritania,MRT,2007,36.8
Mauritania,MRT,2008,36.5
Mauritania,MRT,2009,36.4
Mauritania,MRT,2010,35.8
Mauritania,MRT,2011,35.5
Mauritania,MRT,2012,35.4
Mauritania,MRT,2013,35.5
Mauritania,MRT,2014,35.5
Mauritania,MRT,2015,35.3
Mauritania,MRT,2016,36.2
Mauritania,MRT,2017,35.2
Mauritania,MRT,2018,35.4
Mauritania,MRT,2019,35.7
Mauritania,MRT,2020,36.7
Mauritania,MRT,2021,35.5
Mauritania,MRT,2022,35
Mauritania,MRT,2023,35.1
Mauritania,MRT,2024,35.3
Mauritania,MRT,2025,35.4
Mauritius,MUS,2004,42.7
Mauritius,MUS,2005,41.6
Mauritius,MUS,2006,40.7
Mauritius,MUS,2007,41
Mauritius,MUS,2008,41
Mauritius,MUS,2009,41.1
Mauritius,MUS,2010,41.9
Mauritius,MUS,2011,41.6
Mauritius,MUS,2012,42.1
Mauritius,MUS,2013,42.7
Mauritius,MUS,2014,40.9
Mauritius,MUS,2015,40.8
Mauritius,MUS,2016,41.2
Mauritius,MUS,2017,41
Mauritius,MUS,2018,41.1
Mauritius,MUS,2019,41
Mauritius,MUS,2020,42.6
Mauritius,MUS,2021,44.1
Mauritius,MUS,2022,42.2
Mauritius,MUS,2023,41.2
Mauritius,MUS,2024,41.3
Mauritius,MUS,2025,41.5
Mexico,MEX,2004,35.5
Mexico,MEX,2005,35
Mexico,MEX,2006,33.9
Mexico,MEX,2007,33.5
Mexico,MEX,2008,33.5
Mexico,MEX,2009,35
Mexico,MEX,2010,33.4
Mexico,MEX,2011,33
Mexico,MEX,2012,32.5
Mexico,MEX,2013,33.5
Mexico,MEX,2014,32.9
Mexico,MEX,2015,32.7
Mexico,MEX,2016,32
Mexico,MEX,2017,31.4
Mexico,MEX,2018,31.7
Mexico,MEX,2019,32.4
Mexico,MEX,2020,33.5
Mexico,MEX,2021,34.2
Mexico,MEX,2022,35.2
Mexico,MEX,2023,36.1
Mexico,MEX,2024,36.5
Mexico,MEX,2025,36.9
Moldova,MDA,2004,49.2
Moldova,MDA,2005,49.4
Moldova,MDA,2006,50.9
Moldova,MDA,2007,50.4
Moldova,MDA,2008,52.5
Moldova,MDA,2009,56.5
Moldova,MDA,2010,52.7
Moldova,MDA,2011,49.8
Moldova,MDA,2012,52.3
Moldova,MDA,2013,52.3
Moldova,MDA,2014,55
Moldova,MDA,2015,61.2
Moldova,MDA,2016,65
Moldova,MDA,2017,56.7
Moldova,MDA,2018,61.1
Moldova,MDA,2019,59
Moldova,MDA,2020,60
Moldova,MDA,2021,59
Moldova,MDA,2022,61.6
Moldova,MDA,2023,59.8
Moldova,MDA,2024,60
Moldova,MDA,2025,60
Mongolia,MNG,2004,32.4
Mongolia,MNG,2005,32.5
Mongolia,MNG,2006,29.6
Mongolia,MNG,2007,31
Mongolia,MNG,2008,35.3
Mongolia,MNG,2009,39.1
Mongolia,MNG,2010,30.5
Mongolia,MNG,2011,32
Mongolia,MNG,2012,34.6
Mongolia,MNG,2013,33.9
Mongolia,MNG,2014,34.2
Mongolia,MNG,2015,35.2
Mongolia,MNG,2016,36.2
Mongolia,MNG,2017,34
Mongolia,MNG,2018,33.3
Mongolia,MNG,2019,33.1
Mongolia,MNG,2020,37.3
Mongolia,MNG,2021,33.8
Mongolia,MNG,2022,36.3
Mongolia,MNG,2023,36.7
Mongolia,MNG,2024,37.1
Mongolia,MNG,2025,36.9
Namibia,NAM,2004,53.9
Namibia,NAM,2005,52
Namibia,NAM,2006,48.6
Namibia,NAM,2007,48.3
Namibia,NAM,2008,49
Namibia,NAM,2009,50.7
Namibia,NAM,2010,51
Namibia,NAM,2011,51.7
Namibia,NAM,2012,51.5
Namibia,NAM,2013,51.1
Namibia,NAM,2014,48.9
Namibia,NAM,2015,49
Namibia,NAM,2016,50.7
Namibia,NAM,2017,50.9
Namibia,NAM,2018,51.9
Namibia,NAM,2019,52.8
Namibia,NAM,2020,54.3
Namibia,NAM,2021,52.1
Namibia,NAM,2022,49.6
Namibia,NAM,2023,48.2
Namibia,NAM,2024,48.3
Namibia,NAM,2025,48.3
Nepal,NPL,2004,51.5
Nepal,NPL,2005,51.7
Nepal,NPL,2006,51.7
Nepal,NPL,2007,51.7
Nepal,NPL,2008,51
Nepal,NPL,2009,51
Nepal,NPL,2010,50.6
Nepal,NPL,2011,50.5
Nepal,NPL,2012,49.8
Nepal,NPL,2013,49.7
Nepal,NPL,2014,48.7
Nepal,NPL,2015,48.8
Nepal,NPL,2016,49.2
Nepal,NPL,2017,46.7
Nepal,NPL,2018,47
Nepal,NPL,2019,47.3
Nepal,NPL,2020,47.7
Nepal,NPL,2021,48.2
Nepal,NPL,2022,47.5
Nepal,NPL,2023,48.4
Nepal,NPL,2024,48.1
Nepal,NPL,2025,47.9
Netherlands,NLD,2004,60.9
Netherlands,NLD,2005,61.1
Netherlands,NLD,2006,59.9
Netherlands,NLD,2007,62.4
Netherlands,NLD,2008,62.4
Netherlands,NLD,2009,65.7
Netherlands,NLD,2010,63.2
Netherlands,NLD,2011,63.2
Netherlands,NLD,2012,63.1
Netherlands,NLD,2013,63.4
Netherlands,NLD,2014,63.8
Netherlands,NLD,2015,61.4
Netherlands,NLD,2016,62
Netherlands,NLD,2017,60.7
Netherlands,NLD,2018,59.9
Netherlands,NLD,2019,59.8
Netherlands,NLD,2020,63.5
Netherlands,NLD,2021,61.1
Netherlands,NLD,2022,60.5
Netherlands,NLD,2023,59.6
Netherlands,NLD,2024,60.1
Netherlands,NLD,2025,60
Nicaragua,NIC,2004,53
Nicaragua,NIC,2005,53.1
Nicaragua,NIC,2006,53
Nicaragua,NIC,2007,53.6
Nicaragua,NIC,2008,53.7
Nicaragua,NIC,2009,54
Nicaragua,NIC,2010,53.6
Nicaragua,NIC,2011,53.8
Nicaragua,NIC,2012,53.2
Nicaragua,NIC,2013,53.4
Nicaragua,NIC,2014,52.6
Nicaragua,NIC,2015,51
Nicaragua,NIC,2016,50.1
Nicaragua,NIC,2017,49.3
Nicaragua,NIC,2018,49.7
Nicaragua,NIC,2019,48.8
Nicaragua,NIC,2020,48.4
Nicaragua,NIC,2021,47.1
Nicaragua,NIC,2022,46.9
Nicaragua,NIC,2023,46
Nicaragua,NIC,2024,46.2
Nicaragua,NIC,2025,46.2
Niger,NER,2004,32.5
Niger,NER,2005,33
Niger,NER,2006,34.5
Niger,NER,2007,33.7
Niger,NER,2008,31.2
Niger,NER,2009,33
Niger,NER,2010,29.4
Niger,NER,2011,30.7
Niger,NER,2012,29.7
Niger,NER,2013,32.1
Niger,NER,2014,33.5
Niger,NER,2015,33.8
Niger,NER,2016,32.8
Niger,NER,2017,31.7
Niger,NER,2018,32
Niger,NER,2019,31.5
Niger,NER,2020,31.4
Niger,NER,2021,32
Niger,NER,2022,31.1
Niger,NER,2023,32.8
Niger,NER,2024,31.3
Niger,NER,2025,32
Nigeria,NGA,2004,64.5
Nigeria,NGA,2005,65.3
Nigeria,NGA,2006,65.3
Nigeria,NGA,2007,65.1
Nigeria,NGA,2008,65
Nigeria,NGA,2009,64.6
Nigeria,NGA,2010,64.5
Nigeria,NGA,2011,65.4
Nigeria,NGA,2012,67.7
Nigeria,NGA,2013,68.9
Nigeria,NGA,2014,69.4
Nigeria,NGA,2015,67
Nigeria,NGA,2016,65.8
Nigeria,NGA,2017,70.9
Nigeria,NGA,2018,72.2
Nigeria,NGA,2019,74.8
Nigeria,NGA,2020,74
Nigeria,NGA,2021,74.9
Nigeria,NGA,2022,73.6
Nigeria,NGA,2023,75.2
Nigeria,NGA,2024,75.1
Nigeria,NGA,2025,75.2
Northern Africa and Western Asia (UN SDG),UNSDG_NAWA,2004,33.6
Northern Africa and Western Asia (UN SDG),UNSDG_NAWA,2005,31.9
Northern Africa and Western Asia (UN SDG),UNSDG_NAWA,2006,31.1
Northern Africa and Western Asia (UN SDG),UNSDG_NAWA,2007,31.6
Northern Africa and Western Asia (UN SDG),UNSDG_NAWA,2008,30.8
Northern Africa and Western Asia (UN SDG),UNSDG_NAWA,2009,34.3
Northern Africa and Western Asia (UN SDG),UNSDG_NAWA,2010,33.3
Northern Africa and Western Asia (UN SDG),UNSDG_NAWA,2011,32.7
Northern Africa and Western Asia (UN SDG),UNSDG_NAWA,2012,32.7
Northern Africa and Western Asia (UN SDG),UNSDG_NAWA,2013,33.7
Northern Africa and Western Asia (UN SDG),UNSDG_NAWA,2014,35.1
Northern Africa and Western Asia (UN SDG),UNSDG_NAWA,2015,38.2
Northern Africa and Western Asia (UN SDG),UNSDG_NAWA,2016,39.7
Northern Africa and Western Asia (UN SDG),UNSDG_NAWA,2017,38.8
Northern Africa and Western Asia (UN SDG),UNSDG_NAWA,2018,37.6
Northern Africa and Western Asia (UN SDG),UNSDG_NAWA,2019,38.7
Northern Africa and Western Asia (UN SDG),UNSDG_NAWA,2020,39.6
Northern Africa and Western Asia (UN SDG),UNSDG_NAWA,2021,36.6
Northern Africa and Western Asia (UN SDG),UNSDG_NAWA,2022,34.5
Northern Africa and Western Asia (UN SDG),UNSDG_NAWA,2023,36.9
Northern Africa and Western Asia (UN SDG),UNSDG_NAWA,2024,37
Northern Africa and Western Asia (UN SDG),UNSDG_NAWA,2025,36.9
Northern America (UN),UN_NAM,2004,61.6
Northern America (UN),UN_NAM,2005,60.7
Northern America (UN),UN_NAM,2006,60.6
Northern America (UN),UN_NAM,2007,60.7
Northern America (UN),UN_NAM,2008,60.6
Northern America (UN),UN_NAM,2009,59.9
Northern America (UN),UN_NAM,2010,58.7
Northern America (UN),UN_NAM,2011,58.6
Northern America (UN),UN_NAM,2012,58.5
Northern America (UN),UN_NAM,2013,58
Northern America (UN),UN_NAM,2014,58.1
Northern America (UN),UN_NAM,2015,58.7
Northern America (UN),UN_NAM,2016,58.4
Northern America (UN),UN_NAM,2017,58.3
Northern America (UN),UN_NAM,2018,58.4
Northern America (UN),UN_NAM,2019,58.3
Northern America (UN),UN_NAM,2020,59.5
Northern America (UN),UN_NAM,2021,58.3
Northern America (UN),UN_NAM,2022,56.9
Northern America (UN),UN_NAM,2023,56.2
Northern America (UN),UN_NAM,2024,56.4
Northern America (UN),UN_NAM,2025,56.7
Oceania (UN SDG),UNSDG_OC,2004,46.3
Oceania (UN SDG),UNSDG_OC,2005,45.2
Oceania (UN SDG),UNSDG_OC,2006,44.2
Oceania (UN SDG),UNSDG_OC,2007,43.8
Oceania (UN SDG),UNSDG_OC,2008,44.6
Oceania (UN SDG),UNSDG_OC,2009,44
Oceania (UN SDG),UNSDG_OC,2010,43
Oceania (UN SDG),UNSDG_OC,2011,43.9
Oceania (UN SDG),UNSDG_OC,2012,43.5
Oceania (UN SDG),UNSDG_OC,2013,43.3
Oceania (UN SDG),UNSDG_OC,2014,42
Oceania (UN SDG),UNSDG_OC,2015,42.3
Oceania (UN SDG),UNSDG_OC,2016,42.2
Oceania (UN SDG),UNSDG_OC,2017,42.1
Oceania (UN SDG),UNSDG_OC,2018,42.6
Oceania (UN SDG),UNSDG_OC,2019,42.1
Oceania (UN SDG),UNSDG_OC,2020,43.2
Oceania (UN SDG),UNSDG_OC,2021,41.8
Oceania (UN SDG),UNSDG_OC,2022,41.4
Oceania (UN SDG),UNSDG_OC,2023,41.7
Oceania (UN SDG),UNSDG_OC,2024,41.8
Oceania (UN SDG),UNSDG_OC,2025,41.4
Oceania (UN),UN_OCE,2004,57.9
Oceania (UN),UN_OCE,2005,57.4
Oceania (UN),UN_OCE,2006,57.1
Oceania (UN),UN_OCE,2007,56.3
Oceania (UN),UN_OCE,2008,54.8
Oceania (UN),UN_OCE,2009,55
Oceania (UN),UN_OCE,2010,55
Oceania (UN),UN_OCE,2011,55.9
Oceania (UN),UN_OCE,2012,55.4
Oceania (UN),UN_OCE,2013,55
Oceania (UN),UN_OCE,2014,55.8
Oceania (UN),UN_OCE,2015,56
Oceania (UN),UN_OCE,2016,54.7
Oceania (UN),UN_OCE,2017,54.6
Oceania (UN),UN_OCE,2018,53.9
Oceania (UN),UN_OCE,2019,55.4
Oceania (UN),UN_OCE,2020,54.7
Oceania (UN),UN_OCE,2021,52.8
Oceania (UN),UN_OCE,2022,52.7
Oceania (UN),UN_OCE,2023,54.1
Oceania (UN),UN_OCE,2024,54
Oceania (UN),UN_OCE,2025,53.7
Panama,PAN,2004,43.1
Panama,PAN,2005,41.5
Panama,PAN,2006,41.7
Panama,PAN,2007,39.9
Panama,PAN,2008,36.3
Panama,PAN,2009,36
Panama,PAN,2010,36.5
Panama,PAN,2011,34.9
Panama,PAN,2012,33.2
Panama,PAN,2013,30.8
Panama,PAN,2014,30.5
Panama,PAN,2015,31.1
Panama,PAN,2016,31.6
Panama,PAN,2017,31.4
Panama,PAN,2018,36.1
Panama,PAN,2019,37.9
Panama,PAN,2020,34.8
Panama,PAN,2021,36.9
Panama,PAN,2022,36.5
Panama,PAN,2023,36.3
Panama,PAN,2024,36.7
Panama,PAN,2025,36.6
Paraguay,PRY,2004,53
Paraguay,PRY,2005,49.8
Paraguay,PRY,2006,49.6
Paraguay,PRY,2007,49.3
Paraguay,PRY,2008,42.8
Paraguay,PRY,2009,47.1
Paraguay,PRY,2010,45.1
Paraguay,PRY,2011,43.8
Paraguay,PRY,2012,47.2
Paraguay,PRY,2013,46.5
Paraguay,PRY,2014,47.3
Paraguay,PRY,2015,47.5
Paraguay,PRY,2016,45.3
Paraguay,PRY,2017,45.5
Paraguay,PRY,2018,45.9
Paraguay,PRY,2019,46.1
Paraguay,PRY,2020,45.6
Paraguay,PRY,2021,44
Paraguay,PRY,2022,43.8
Paraguay,PRY,2023,42.8
Paraguay,PRY,2024,43
Paraguay,PRY,2025,43
Peru,PER,2004,45.2
Peru,PER,2005,44.9
Peru,PER,2006,44.4
Peru,PER,2007,44
Peru,PER,2008,45.5
Peru,PER,2009,45.3
Peru,PER,2010,44.1
Peru,PER,2011,42.2
Peru,PER,2012,43.7
Peru,PER,2013,43.8
Peru,PER,2014,45.3
Peru,PER,2015,45.7
Peru,PER,2016,44.7
Peru,PER,2017,44.7
Peru,PER,2018,44.9
Peru,PER,2019,46.4
Peru,PER,2020,45.1
Peru,PER,2021,40.6
Peru,PER,2022,41.9
Peru,PER,2023,43
Peru,PER,2024,42.5
Peru,PER,2025,42.6
Philippines,PHL,2004,39.5
Philippines,PHL,2005,40.2
Philippines,PHL,2006,39.9
Philippines,PHL,2007,39.5
Philippines,PHL,2008,39.3
Philippines,PHL,2009,36.4
Philippines,PHL,2010,44.1
Philippines,PHL,2011,44.7
Philippines,PHL,2012,44
Philippines,PHL,2013,42.3
Philippines,PHL,2014,42
Philippines,PHL,2015,41.1
Philippines,PHL,2016,41.9
Philippines,PHL,2017,41.8
Philippines,PHL,2018,42.2
Philippines,PHL,2019,42
Philippines,PHL,2020,42.8
Philippines,PHL,2021,44.8
Philippines,PHL,2022,44.9
Philippines,PHL,2023,43.9
Philippines,PHL,2024,43.9
Philippines,PHL,2025,43.9
Poland,POL,2004,48.6
Poland,POL,2005,47.9
Poland,POL,2006,47.7
Poland,POL,2007,48.1
Poland,POL,2008,49.8
Poland,POL,2009,47.9
Poland,POL,2010,48.7
Poland,POL,2011,47.1
Poland,POL,2012,47.6
Poland,POL,2013,47.4
Poland,POL,2014,47.8
Poland,POL,2015,47.3
Poland,POL,2016,49.7
Poland,POL,2017,48.3
Poland,POL,2018,49.3
Poland,POL,2019,49.9
Poland,POL,2020,50.1
Poland,POL,2021,47.9
Poland,POL,2022,46.8
Poland,POL,2023,47.9
Poland,POL,2024,48.6
Poland,POL,2025,48.5
Portugal,PRT,2004,66.5
Portugal,PRT,2005,66.6
Portugal,PRT,2006,64.4
Portugal,PRT,2007,63.6
Portugal,PRT,2008,64
Portugal,PRT,2009,64.8
Portugal,PRT,2010,63.1
Portugal,PRT,2011,60.4
Portugal,PRT,2012,59.5
Portugal,PRT,2013,58.2
Portugal,PRT,2014,56.9
Portugal,PRT,2015,54.8
Portugal,PRT,2016,54.1
Portugal,PRT,2017,55.2
Portugal,PRT,2018,54.8
Portugal,PRT,2019,55.5
Portugal,PRT,2020,59.2
Portugal,PRT,2021,57.6
Portugal,PRT,2022,55.4
Portugal,PRT,2023,54.7
Portugal,PRT,2024,55.9
Portugal,PRT,2025,55.9
Romania,ROU,2004,44.6
Romania,ROU,2005,47.6
Romania,ROU,2006,46.2
Romania,ROU,2007,40.4
Romania,ROU,2008,42.4
Romania,ROU,2009,40.6
Romania,ROU,2010,43.8
Romania,ROU,2011,40.1
Romania,ROU,2012,40
Romania,ROU,2013,39.1
Romania,ROU,2014,39.9
Romania,ROU,2015,40.3
Romania,ROU,2016,44.1
Romania,ROU,2017,43.6
Romania,ROU,2018,44.3
Romania,ROU,2019,44.6
Romania,ROU,2020,47.2
Romania,ROU,2021,42.4
Romania,ROU,2022,41.5
Romania,ROU,2023,42.8
Romania,ROU,2024,46.1
Romania,ROU,2025,46
Senegal,SEN,2004,32.3
Senegal,SEN,2005,34.9
Senegal,SEN,2006,34.6
Senegal,SEN,2007,35.9
Senegal,SEN,2008,35.5
Senegal,SEN,2009,37
Senegal,SEN,2010,35.6
Senegal,SEN,2011,37.6
Senegal,SEN,2012,38.6
Senegal,SEN,2013,39.4
Senegal,SEN,2014,39.9
Senegal,SEN,2015,39.1
Senegal,SEN,2016,41.7
Senegal,SEN,2017,43.9
Senegal,SEN,2018,43.8
Senegal,SEN,2019,42.8
Senegal,SEN,2020,44.5
Senegal,SEN,2021,47
Senegal,SEN,2022,48.3
Senegal,SEN,2023,48.2
Senegal,SEN,2024,47.2
Senegal,SEN,2025,46.6
Serbia,SRB,2004,60.8
Serbia,SRB,2005,58.5
Serbia,SRB,2006,56.8
Serbia,SRB,2007,56.4
Serbia,SRB,2008,55
Serbia,SRB,2009,53.1
Serbia,SRB,2010,48.9
Serbia,SRB,2011,45.6
Serbia,SRB,2012,46.9
Serbia,SRB,2013,47.8
Serbia,SRB,2014,48.8
Serbia,SRB,2015,49.2
Serbia,SRB,2016,48.7
Serbia,SRB,2017,48.5
Serbia,SRB,2018,47.9
Serbia,SRB,2019,52.2
Serbia,SRB,2020,56.6
Serbia,SRB,2021,52.4
Serbia,SRB,2022,55.6
Serbia,SRB,2023,55.2
Serbia,SRB,2024,55.2
Serbia,SRB,2025,55.3
Sierra Leone,SLE,2004,36.6
Sierra Leone,SLE,2005,36.7
Sierra Leone,SLE,2006,36.6
Sierra Leone,SLE,2007,36.3
Sierra Leone,SLE,2008,36.4
Sierra Leone,SLE,2009,36.6
Sierra Leone,SLE,2010,36.3
Sierra Leone,SLE,2011,36.3
Sierra Leone,SLE,2012,35.5
Sierra Leone,SLE,2013,35
Sierra Leone,SLE,2014,36.3
Sierra Leone,SLE,2015,38.3
Sierra Leone,SLE,2016,36.1
Sierra Leone,SLE,2017,36.4
Sierra Leone,SLE,2018,36.4
Sierra Leone,SLE,2019,36.2
Sierra Leone,SLE,2020,36.4
Sierra Leone,SLE,2021,36.7
Sierra Leone,SLE,2022,36.6
Sierra Leone,SLE,2023,36.6
Sierra Leone,SLE,2024,36.7
Sierra Leone,SLE,2025,36.6
Slovakia,SVK,2004,45
Slovakia,SVK,2005,45.6
Slovakia,SVK,2006,45
Slovakia,SVK,2007,44.4
Slovakia,SVK,2008,46.1
Slovakia,SVK,2009,47.7
Slovakia,SVK,2010,45.7
Slovakia,SVK,2011,46.3
Slovakia,SVK,2012,45
Slovakia,SVK,2013,47.6
Slovakia,SVK,2014,47.7
Slovakia,SVK,2015,48
Slovakia,SVK,2016,49.7
Slovakia,SVK,2017,51
Slovakia,SVK,2018,51.2
Slovakia,SVK,2019,52.2
Slovakia,SVK,2020,53.6
Slovakia,SVK,2021,53.3
Slovakia,SVK,2022,53.6
Slovakia,SVK,2023,53.5
Slovakia,SVK,2024,53.8
Slovakia,SVK,2025,54
Slovenia,SVN,2004,58.8
Slovenia,SVN,2005,58.9
Slovenia,SVN,2006,58.5
Slovenia,SVN,2007,57.3
Slovenia,SVN,2008,57.7
Slovenia,SVN,2009,60.9
Slovenia,SVN,2010,60.9
Slovenia,SVN,2011,58.1
Slovenia,SVN,2012,59.9
Slovenia,SVN,2013,59.1
Slovenia,SVN,2014,60.1
Slovenia,SVN,2015,58.6
Slovenia,SVN,2016,59.1
Slovenia,SVN,2017,57.6
Slovenia,SVN,2018,57.1
Slovenia,SVN,2019,59.2
Slovenia,SVN,2020,62.9
Slovenia,SVN,2021,60.7
Slovenia,SVN,2022,59.7
Slovenia,SVN,2023,59.1
Slovenia,SVN,2024,59.8
Slovenia,SVN,2025,59.8
Small Island Developing States (SIDS),,2004,47.2
Small Island Developing States (SIDS),,2005,47.7
Small Island Developing States (SIDS),,2006,47.1
Small Island Developing States (SIDS),,2007,46.9
Small Island Developing States (SIDS),,2008,48.2
Small Island Developing States (SIDS),,2009,48.8
Small Island Developing States (SIDS),,2010,47.5
Small Island Developing States (SIDS),,2011,47.7
Small Island Developing States (SIDS),,2012,47.6
Small Island Developing States (SIDS),,2013,48.2
Small Island Developing States (SIDS),,2014,48.6
Small Island Developing States (SIDS),,2015,48.1
Small Island Developing States (SIDS),,2016,47.9
Small Island Developing States (SIDS),,2017,47
Small Island Developing States (SIDS),,2018,46.2
Small Island Developing States (SIDS),,2019,46.7
Small Island Developing States (SIDS),,2020,48.7
Small Island Developing States (SIDS),,2021,45.3
Small Island Developing States (SIDS),,2022,44.1
Small Island Developing States (SIDS),,2023,46.1
Small Island Developing States (SIDS),,2024,46
Small Island Developing States (SIDS),,2025,46.2
Spain,ESP,2004,62.5
Spain,ESP,2005,62
Spain,ESP,2006,62
Spain,ESP,2007,62.3
Spain,ESP,2008,64.9
Spain,ESP,2009,64.7
Spain,ESP,2010,64.1
Spain,ESP,2011,62.6
Spain,ESP,2012,61.2
Spain,ESP,2013,58.5
Spain,ESP,2014,58.7
Spain,ESP,2015,59.6
Spain,ESP,2016,58
Spain,ESP,2017,56.9
Spain,ESP,2018,57
Spain,ESP,2019,59.7
Spain,ESP,2020,63.2
Spain,ESP,2021,59.7
Spain,ESP,2022,58.8
Spain,ESP,2023,58.8
Spain,ESP,2024,59.1
Spain,ESP,2025,59.2
Sri Lanka,LKA,2004,33.8
Sri Lanka,LKA,2005,33.9
Sri Lanka,LKA,2006,34.8
Sri Lanka,LKA,2007,34.8
Sri Lanka,LKA,2008,35.2
Sri Lanka,LKA,2009,35.1
Sri Lanka,LKA,2010,35.6
Sri Lanka,LKA,2011,35.6
Sri Lanka,LKA,2012,35.2
Sri Lanka,LKA,2013,36
Sri Lanka,LKA,2014,36.1
Sri Lanka,LKA,2015,36.2
Sri Lanka,LKA,2016,36.1
Sri Lanka,LKA,2017,33.7
Sri Lanka,LKA,2018,37.1
Sri Lanka,LKA,2019,36.1
Sri Lanka,LKA,2020,38.3
Sri Lanka,LKA,2021,36
Sri Lanka,LKA,2022,34
Sri Lanka,LKA,2023,29.4
Sri Lanka,LKA,2024,28.5
Sri Lanka,LKA,2025,28.6
Sub-Saharan Africa (UN SDG),UNSDG_SSA,2004,49.2
Sub-Saharan Africa (UN SDG),UNSDG_SSA,2005,48.8
Sub-Saharan Africa (UN SDG),UNSDG_SSA,2006,48.8
Sub-Saharan Africa (UN SDG),UNSDG_SSA,2007,48.4
Sub-Saharan Africa (UN SDG),UNSDG_SSA,2008,48.2
Sub-Saharan Africa (UN SDG),UNSDG_SSA,2009,49.7
Sub-Saharan Africa (UN SDG),UNSDG_SSA,2010,49.1
Sub-Saharan Africa (UN SDG),UNSDG_SSA,2011,49.3
Sub-Saharan Africa (UN SDG),UNSDG_SSA,2012,50.1
Sub-Saharan Africa (UN SDG),UNSDG_SSA,2013,50.4
Sub-Saharan Africa (UN SDG),UNSDG_SSA,2014,50.6
Sub-Saharan Africa (UN SDG),UNSDG_SSA,2015,50.6
Sub-Saharan Africa (UN SDG),UNSDG_SSA,2016,49.8
Sub-Saharan Africa (UN SDG),UNSDG_SSA,2017,50.8
Sub-Saharan Africa (UN SDG),UNSDG_SSA,2018,51.1
Sub-Saharan Africa (UN SDG),UNSDG_SSA,2019,51.6
Sub-Saharan Africa (UN SDG),UNSDG_SSA,2020,51.2
Sub-Saharan Africa (UN SDG),UNSDG_SSA,2021,51.2
Sub-Saharan Africa (UN SDG),UNSDG_SSA,2022,50.4
Sub-Saharan Africa (UN SDG),UNSDG_SSA,2023,50.6
Sub-Saharan Africa (UN SDG),UNSDG_SSA,2024,50.4
Sub-Saharan Africa (UN SDG),UNSDG_SSA,2025,50.3
Sweden,SWE,2004,55.4
Sweden,SWE,2005,55.5
Sweden,SWE,2006,54.8
Sweden,SWE,2007,55.1
Sweden,SWE,2008,55.8
Sweden,SWE,2009,54.6
Sweden,SWE,2010,53.7
Sweden,SWE,2011,53.4
Sweden,SWE,2012,57.1
Sweden,SWE,2013,57.6
Sweden,SWE,2014,56.5
Sweden,SWE,2015,55.1
Sweden,SWE,2016,54.9
Sweden,SWE,2017,54.2
Sweden,SWE,2018,54.6
Sweden,SWE,2019,53.5
Sweden,SWE,2020,55
Sweden,SWE,2021,53.7
Sweden,SWE,2022,52
Sweden,SWE,2023,52.3
Sweden,SWE,2024,51.7
Sweden,SWE,2025,51.5
Switzerland,CHE,2004,69.3
Switzerland,CHE,2005,68.7
Switzerland,CHE,2006,66.9
Switzerland,CHE,2007,66.3
Switzerland,CHE,2008,66.4
Switzerland,CHE,2009,68.3
Switzerland,CHE,2010,66.3
Switzerland,CHE,2011,66.6
Switzerland,CHE,2012,67.5
Switzerland,CHE,2013,68.7
Switzerland,CHE,2014,68.3
Switzerland,CHE,2015,68.8
Switzerland,CHE,2016,68.2
Switzerland,CHE,2017,69
Switzerland,CHE,2018,67.7
Switzerland,CHE,2019,68
Switzerland,CHE,2020,69
Switzerland,CHE,2021,69.5
Switzerland,CHE,2022,69
Switzerland,CHE,2023,70.3
Switzerland,CHE,2024,70.2
Switzerland,CHE,2025,70.4
Tajikistan,TJK,2004,18.3
Tajikistan,TJK,2005,19
Tajikistan,TJK,2006,18.3
Tajikistan,TJK,2007,18.3
Tajikistan,TJK,2008,16.2
Tajikistan,TJK,2009,18.7
Tajikistan,TJK,2010,19.1
Tajikistan,TJK,2011,18.6
Tajikistan,TJK,2012,19.2
Tajikistan,TJK,2013,21
Tajikistan,TJK,2014,22
Tajikistan,TJK,2015,22.5
Tajikistan,TJK,2016,21.6
Tajikistan,TJK,2017,20.3
Tajikistan,TJK,2018,20.6
Tajikistan,TJK,2019,19.9
Tajikistan,TJK,2020,19.1
Tajikistan,TJK,2021,18
Tajikistan,TJK,2022,17.4
Tajikistan,TJK,2023,17.2
Tajikistan,TJK,2024,17.4
Tajikistan,TJK,2025,18.2
Tanzania,TZA,2004,35
Tanzania,TZA,2005,31.4
Tanzania,TZA,2006,32.7
Tanzania,TZA,2007,29.2
Tanzania,TZA,2008,26.8
Tanzania,TZA,2009,25.9
Tanzania,TZA,2010,25.5
Tanzania,TZA,2011,28.4
Tanzania,TZA,2012,30.8
Tanzania,TZA,2013,34.6
Tanzania,TZA,2014,39.4
Tanzania,TZA,2015,44
Tanzania,TZA,2016,46
Tanzania,TZA,2017,48.6
Tanzania,TZA,2018,51.3
Tanzania,TZA,2019,51.6
Tanzania,TZA,2020,53.8
Tanzania,TZA,2021,56.3
Tanzania,TZA,2022,55.1
Tanzania,TZA,2023,53.7
Tanzania,TZA,2024,53.4
Tanzania,TZA,2025,52.8
Thailand,THA,2004,46.5
Thailand,THA,2005,46.7
Thailand,THA,2006,45.5
Thailand,THA,2007,47.9
Thailand,THA,2008,45.2
Thailand,THA,2009,46.2
Thailand,THA,2010,43.9
Thailand,THA,2011,45
Thailand,THA,2012,45.9
Thailand,THA,2013,47.1
Thailand,THA,2014,49.2
Thailand,THA,2015,49.2
Thailand,THA,2016,47.4
Thailand,THA,2017,46.8
Thailand,THA,2018,47.7
Thailand,THA,2019,45.8
Thailand,THA,2020,47.4
Thailand,THA,2021,47.6
Thailand,THA,2022,46.4
Thailand,THA,2023,46.7
Thailand,THA,2024,46.6
Thailand,THA,2025,46.8
Togo,TGO,2004,47.2
Togo,TGO,2005,48.1
Togo,TGO,2006,46.4
Togo,TGO,2007,47.3
Togo,TGO,2008,46
Togo,TGO,2009,45.7
Togo,TGO,2010,45.6
Togo,TGO,2011,45.6
Togo,TGO,2012,45.4
Togo,TGO,2013,45.5
Togo,TGO,2014,45.6
Togo,TGO,2015,45.6
Togo,TGO,2016,45.9
Togo,TGO,2017,44.9
Togo,TGO,2018,44.5
Togo,TGO,2019,45.6
Togo,TGO,2020,45.1
Togo,TGO,2021,46.6
Togo,TGO,2022,45.5
Togo,TGO,2023,45.5
Togo,TGO,2024,45.6
Togo,TGO,2025,45.6
Trinidad and Tobago,TTO,2004,42.1
Trinidad and Tobago,TTO,2005,42.3
Trinidad and Tobago,TTO,2006,41.1
Trinidad and Tobago,TTO,2007,42.6
Trinidad and Tobago,TTO,2008,42.8
Trinidad and Tobago,TTO,2009,44.1
Trinidad and Tobago,TTO,2010,42.8
Trinidad and Tobago,TTO,2011,44.4
Trinidad and Tobago,TTO,2012,42.8
Trinidad and Tobago,TTO,2013,43.8
Trinidad and Tobago,TTO,2014,44
Trinidad and Tobago,TTO,2015,44.2
Trinidad and Tobago,TTO,2016,45.8
Trinidad and Tobago,TTO,2017,45.3
Trinidad and Tobago,TTO,2018,44.6
Trinidad and Tobago,TTO,2019,44.5
Trinidad and Tobago,TTO,2020,45.8
Trinidad and Tobago,TTO,2021,44.2
Trinidad and Tobago,TTO,2022,44.7
Trinidad and Tobago,TTO,2023,44.6
Trinidad and Tobago,TTO,2024,44.6
Trinidad and Tobago,TTO,2025,44.5
Tunisia,TUN,2004,42.4
Tunisia,TUN,2005,42.4
Tunisia,TUN,2006,42.2
Tunisia,TUN,2007,42.6
Tunisia,TUN,2008,42.8
Tunisia,TUN,2009,43.3
Tunisia,TUN,2010,43.8
Tunisia,TUN,2011,45.5
Tunisia,TUN,2012,46
Tunisia,TUN,2013,46.4
Tunisia,TUN,2014,46.1
Tunisia,TUN,2015,46.5
Tunisia,TUN,2016,46.8
Tunisia,TUN,2017,47.6
Tunisia,TUN,2018,46.5
Tunisia,TUN,2019,45.7
Tunisia,TUN,2020,50.6
Tunisia,TUN,2021,49.5
Tunisia,TUN,2022,45.4
Tunisia,TUN,2023,46.1
Tunisia,TUN,2024,45.9
Tunisia,TUN,2025,45.8
Turkey,TUR,2004,33.6
Turkey,TUR,2005,33.2
Turkey,TUR,2006,32.8
Turkey,TUR,2007,33.5
Turkey,TUR,2008,33.5
Turkey,TUR,2009,35.2
Turkey,TUR,2010,35.3
Turkey,TUR,2011,34.7
Turkey,TUR,2012,35.6
Turkey,TUR,2013,35.1
Turkey,TUR,2014,36.4
Turkey,TUR,2015,36.7
Turkey,TUR,2016,40.4
Turkey,TUR,2017,38.4
Turkey,TUR,2018,37.9
Turkey,TUR,2019,39.2
Turkey,TUR,2020,35.5
Turkey,TUR,2021,32.1
Turkey,TUR,2022,28.6
Turkey,TUR,2023,35.1
Turkey,TUR,2024,35.4
Turkey,TUR,2025,35.5
United Kingdom,GBR,2004,58.6
United Kingdom,GBR,2005,58.6
United Kingdom,GBR,2006,58.8
United Kingdom,GBR,2007,59.7
United Kingdom,GBR,2008,59.1
United Kingdom,GBR,2009,59.5
United Kingdom,GBR,2010,58.8
United Kingdom,GBR,2011,57.7
United Kingdom,GBR,2012,57.5
United Kingdom,GBR,2013,57.1
United Kingdom,GBR,2014,56.9
United Kingdom,GBR,2015,56.2
United Kingdom,GBR,2016,56.2
United Kingdom,GBR,2017,55.8
United Kingdom,GBR,2018,55.9
United Kingdom,GBR,2019,56.2
United Kingdom,GBR,2020,59.7
United Kingdom,GBR,2021,57.5
United Kingdom,GBR,2022,56.1
United Kingdom,GBR,2023,56.2
United Kingdom,GBR,2024,56.6
United Kingdom,GBR,2025,56.6
Uruguay,URY,2004,46.3
Uruguay,URY,2005,46.6
Uruguay,URY,2006,47.7
Uruguay,URY,2007,49
Uruguay,URY,2008,48.9
Uruguay,URY,2009,51.1
Uruguay,URY,2010,51.2
Uruguay,URY,2011,52.5
Uruguay,URY,2012,53.4
Uruguay,URY,2013,53.4
Uruguay,URY,2014,54.3
Uruguay,URY,2015,55.3
Uruguay,URY,2016,55.3
Uruguay,URY,2017,56
Uruguay,URY,2018,56.7
Uruguay,URY,2019,56.1
Uruguay,URY,2020,57.9
Uruguay,URY,2021,55.1
Uruguay,URY,2022,55.1
Uruguay,URY,2023,57
Uruguay,URY,2024,56.5
Uruguay,URY,2025,56.6
Vanuatu,VUT,2004,68.1
Vanuatu,VUT,2005,67.7
Vanuatu,VUT,2006,66.7
Vanuatu,VUT,2007,68.4
Vanuatu,VUT,2008,67.8
Vanuatu,VUT,2009,66.3
Vanuatu,VUT,2010,65.6
Vanuatu,VUT,2011,64.8
Vanuatu,VUT,2012,63.9
Vanuatu,VUT,2013,62
Vanuatu,VUT,2014,60.5
Vanuatu,VUT,2015,61.2
Vanuatu,VUT,2016,60
Vanuatu,VUT,2017,59.5
Vanuatu,VUT,2018,60.4
Vanuatu,VUT,2019,60.3
Vanuatu,VUT,2020,62.1
Vanuatu,VUT,2021,60
Vanuatu,VUT,2022,59.8
Vanuatu,VUT,2023,60.6
Vanuatu,VUT,2024,60.9
Vanuatu,VUT,2025,60.8
Venezuela,VEN,2004,39.4
Venezuela,VEN,2005,38
Venezuela,VEN,2006,40.3
Venezuela,VEN,2007,41.9
Venezuela,VEN,2008,39.5
Venezuela,VEN,2009,46
Venezuela,VEN,2010,39.8
Venezuela,VEN,2011,39.7
Venezuela,VEN,2012,42.6
Venezuela,VEN,2013,42.4
Venezuela,VEN,2014,48.3
Venezuela,VEN,2015,31.2
Venezuela,VEN,2016,30.5
Venezuela,VEN,2017,25.4
Venezuela,VEN,2018,17.7
Venezuela,VEN,2019,10.2
Venezuela,VEN,2020,10.4
Venezuela,VEN,2021,10.1
Venezuela,VEN,2022,9.6
Venezuela,VEN,2023,9.7
Venezuela,VEN,2024,9.7
Venezuela,VEN,2025,9.8
World,OWID_WRL,2004,53.9
World,OWID_WRL,2005,53.4
World,OWID_WRL,2006,53
World,OWID_WRL,2007,52.8
World,OWID_WRL,2008,53.3
World,OWID_WRL,2009,54.4
World,OWID_WRL,2010,53.3
World,OWID_WRL,2011,52.7
World,OWID_WRL,2012,52.8
World,OWID_WRL,2013,52.8
World,OWID_WRL,2014,53
World,OWID_WRL,2015,53
World,OWID_WRL,2016,53
World,OWID_WRL,2017,52.9
World,OWID_WRL,2018,52.8
World,OWID_WRL,2019,53
World,OWID_WRL,2020,53.9
World,OWID_WRL,2021,52.8
World,OWID_WRL,2022,52.3
World,OWID_WRL,2023,52.3
World,OWID_WRL,2024,52.4
World,OWID_WRL,2025,52.6
Zambia,ZMB,2004,48.2
Zambia,ZMB,2005,48.1
Zambia,ZMB,2006,47.8
Zambia,ZMB,2007,47.6
Zambia,ZMB,2008,47.7
Zambia,ZMB,2009,47
Zambia,ZMB,2010,46.4
Zambia,ZMB,2011,42.1
Zambia,ZMB,2012,47.9
Zambia,ZMB,2013,42.9
Zambia,ZMB,2014,43.1
Zambia,ZMB,2015,39.9
Zambia,ZMB,2016,38.2
Zambia,ZMB,2017,32.4
Zambia,ZMB,2018,36.4
Zambia,ZMB,2019,39.5
Zambia,ZMB,2020,26.7
Zambia,ZMB,2021,28.6
Zambia,ZMB,2022,26.4
Zambia,ZMB,2023,26.6
Zambia,ZMB,2024,26.8
Zambia,ZMB,2025,26.5
Zimbabwe,ZWE,2004,53.2
Zimbabwe,ZWE,2005,53.2
Zimbabwe,ZWE,2006,52.9
Zimbabwe,ZWE,2007,53
Zimbabwe,ZWE,2008,54.4
Zimbabwe,ZWE,2009,51.7
Zimbabwe,ZWE,2010,51.8
Zimbabwe,ZWE,2011,55.1
Zimbabwe,ZWE,2012,55.3
Zimbabwe,ZWE,2013,54.9
Zimbabwe,ZWE,2014,53.4
Zimbabwe,ZWE,2015,54.3
Zimbabwe,ZWE,2016,56
Zimbabwe,ZWE,2017,57.1
Zimbabwe,ZWE,2018,53.4
Zimbabwe,ZWE,2019,54.4
Zimbabwe,ZWE,2020,54.5
Zimbabwe,ZWE,2021,56.2
Zimbabwe,ZWE,2022,61.8
Zimbabwe,ZWE,2023,61.9
Zimbabwe,ZWE,2024,62.2
Zimbabwe,ZWE,2025,61.8
